ResponseId,PID,HS_1,HS_2,HS_3,FM_1,FM_2,GM_1,GM_2,Dif_import1,Dif_import2,Dif_impos1,Dif_impos2,Country,Age,Sex,Ethnicity,Language
R_rr0W1Eib65n6Oxr,64469d49bd962313f4ecdb1f,6,6,6,2,3,4,4,2,2,3,2,Germany,22,Female,White,German
R_O8SJG906vuCGx7X,643850d960ae67c75c0198df,1,5,5,4,2,4,5,4,5,2,2,Germany,25,Male,White,English
R_6WqWfxshvfqOtYl,6408c1b54a500c8d81f12d6e,2,3,4,4,5,6,5,5,4,5,3,Germany,24,Male,White,German
R_2uWzbfJ5XsTAZCw,61111091292799d97f76a5a3,2,3,2,3,3,4,4,5,5,2,2,Germany,19,Female,White,German
R_3rsbkruurP6IEXT,6438576b1860de7fc057113d,3,2,5,1,1,5,6,2,3,5,4,Germany,18,Female,White,German
R_A7kZzPtKET3Xszv,644e54b0abb1dc71923d717c,2,2,2,2,4,5,4,4,4,3,3,Germany,27,Male,White,German
R_2yrYTGvb3icko16,6411ac917106ac58f8fb2c9a,1,4,2,1,1,5,6,5,4,2,2,Germany,21,Male,White,German
R_29iCOyMbEFxWFDu,60207652caa62b6a34ff96dc,3,2,2,4,4,3,3,3,3,3,4,Germany,23,Male,White,German
R_2v38UWau7S6iwjs,643c243ff0ef4cb25c20a392,4,6,4,4,4,1,2,3,4,1,1,Germany,24,Male,White,German
R_1BYpo9iqfLRjl2q,63fb64d65c767a406d26afa6,2,2,4,5,4,4,3,4,4,2,2,Germany,22,Female,White,German
R_Wef0r8kwGYtTX69,60c52dfb2b2f7ee8ed1d6118,4,4,4,1,2,5,5,5,5,2,2,Germany,30,Female,White,Russian
R_38Ad521vu0L3g9X,60fd3574955a2ca75409573c,3,3,5,2,3,5,3,3,4,3,3,Germany,23,Female,White,German
R_DzXvZSkRvwTs66B,6163d01ce4d65ac7a6e159bb,2,2,4,3,3,4,4,4,4,3,3,Germany,20,Female,White,German
R_3GrmyrAoYGwxiil,64490baffa3fea7d34ac12fa,5,4,6,3,5,3,2,3,4,1,1,Germany,28,Male,Asian,German
R_BWGeMAG8FhgGKRz,63dfd4fb58435f30c7e5b04b,2,2,4,4,5,2,2,5,5,2,2,Germany,30,Male,White,German
R_2t9HZAW4Fggc7Ta,63fea576862043ef1af72ba8,1,3,2,4,4,2,2,1,2,1,1,Germany,22,Female,White,German
R_2xykEuaHNI25idS,63f96a371bb85d609a6a9c2c,2,2,6,2,2,5,5,3,3,2,1,Germany,21,Female,White,German
R_2X1ofBKPzXjDJtF,6426e0d830286b7e70d57fa9,1,2,2,3,4,4,5,4,4,2,2,Germany,23,Female,White,German
R_3PmLbPU1tH8AT6v,643a72941402a53c267973fb,2,5,4,5,6,1,1,2,3,2,1,Germany,31,Male,White,Polish
R_3FXtjOZVP54M7PM,63656faf832387e4e2c335d1,4,4,4,3,2,6,5,4,4,3,3,Germany,18,Male,White,German
R_1CIQoqUH2w1luNu,615c5c448b32a4a0ce81e2b4,4,4,4,4,4,3,4,4,4,4,4,Germany,28,Female,White,German
R_3dXSeV4SheL5jsB,613b7d2b4f97a501efc5f46c,4,6,6,2,3,3,3,2,2,2,2,Germany,31,Female,White,Russian
R_QhO7pAbulCCisbn,63c33a62f56571779a295a6f,1,3,3,2,1,4,5,3,5,1,2,Germany,33,Female,White,German
R_6D7YWXndUruT1G9,640430ff6843b27803decc0f,4,2,4,2,2,3,2,3,3,4,3,Germany,23,Female,Mixed,German
R_2zUuVL8Mr6rFeVI,63bd9467ea3c9a7021048289,3,3,6,2,2,5,4,3,3,3,3,Germany,25,Female,White,German
R_1gcm9PXxmQcurr2,63fd0b137e38c72ea19176aa,3,2,3,2,2,5,5,4,4,1,1,Germany,22,Male,White,German
R_3nG91CCGTeHXEsg,640cd27f2848f08a6613fb10,4,4,5,2,1,6,6,2,4,2,2,Germany,23,Male,White,German
R_2QhNGmlgKgtCkxZ,5e5074ea55087a0cc7dbc163,3,4,4,4,3,3,3,4,4,2,2,Germany,21,Male,White,German
R_3oXQLvOicMPBH7s,643be991cc8ce1adfd20a397,4,3,6,2,4,4,3,1,2,1,1,Germany,24,Female,White,German
R_2DRKo7UdJRFjgP9,6404cb13d8157726927f4457,1,1,1,6,6,1,1,4,3,2,2,Germany,21,Male,White,German
R_3EKAg5VCmsgxNAT,643cff9260890a3b38e3130d,2,6,6,3,4,2,2,4,4,2,1,Germany,23,Female,White,German
R_1FCBCHk06jm7iuO,6426bdcb8848aab570ee8846,3,3,3,2,2,4,5,3,4,4,3,Germany,22,Female,White,German
R_ai9aOL3nJEMEI5r,63eba43528e10ce66ddc988f,2,1,4,3,3,1,3,4,5,1,1,Germany,29,Male,White,German
R_PHhF4ZX39d5Xkvn,63b6bdb8d29fd50c5e868c46,4,4,4,4,4,3,3,5,4,4,3,Germany,39,Male,White,German
R_2PnHRx3Oe3A7YdP,607c8faf6d8e98b09d585eb3,3,5,5,2,4,5,4,5,4,2,3,Germany,28,Male,Black,German
R_BJ2yGe2nI6zmq3v,63d2c20ec51e93a7c7a44ffe,3,3,1,4,5,2,2,3,2,3,3,Germany,30,Male,White,German
R_3MSZkBwVlk9ddgT,5e8610a6fc57a721b7952024,2,5,5,3,4,4,3,3,4,3,4,Germany,DATA_EXPIRED,DATA_EXPIRED,DATA_EXPIRED,German
R_1259jalVkgOpRzy,5c31324b197e6300016fa75c,3,6,5,1,3,5,5,6,5,2,3,Germany,26,Male,White,German
R_3fNmBMU1TPu0GdB,627bccc58bb8898efd763beb,3,5,5,2,2,5,5,5,6,4,4,Germany,23,Male,White,German
R_3ELvOMsQvPoWpCA,63cf9273683d81272641f69b,6,4,5,3,4,3,2,3,4,4,4,Germany,27,Female,White,German
R_3iETNn3HUWgfG3K,627be8df969ba21063c8a31f,3,4,4,3,3,4,3,3,3,3,3,Germany,24,Female,White,German
R_2v7dkjnmTOgzZvf,599b3cedd0bcd10001dd939a,3,2,2,4,5,5,5,4,6,4,5,Germany,29,Male,White,German
R_23V97K2EgGB0aTF,60928a250d3bfcb9a26fe8ef,4,3,5,3,4,4,3,5,5,2,1,Germany,25,Female,White,German
R_3sjOSmZaFGMDxks,63c54053d14cc248d3bffebd,2,3,3,3,2,5,5,2,4,2,3,Germany,25,Male,Other,Turkish
R_2rkzLduyBqI9ku2,64005b335f4967ac4e424ea0,3,3,5,4,5,2,2,3,5,2,2,Germany,20,Male,White,German
R_1FKcSbNwJVO4LQL,63ee74be8d86f8b59f5274bb,5,4,6,2,1,6,5,4,3,2,1,Germany,19,Male,White,German
R_2ahiyDnumPNCbYg,63bb3a3a7695488e9c67bfd0,4,3,4,4,6,1,3,4,4,4,4,Germany,27,Male,White,German
R_1n2aD88ZTQvp2rg,642c1939b0a0d63b388cbb8b,2,2,2,3,3,4,3,4,4,3,3,Germany,21,Female,White,German
R_sZoqnCMwHlVn3XP,6436ac020da67d633df003a5,5,5,6,4,3,3,2,4,4,2,3,Germany,18,Male,White,German
R_1FRMBn47yyhHzW6,64343c140782b3817036ac02,2,4,2,2,5,1,2,5,2,2,2,Germany,31,Female,White,German
R_29538Vjb6Pi7GV8,5a06ebf2c259f300017656ee,2,4,3,5,5,2,2,3,3,2,2,Germany,25,Male,White,German
R_3pf3I7bP6qCh3Kc,643948480e0146e9147fd1ab,3,5,5,4,4,3,3,3,3,1,2,Germany,23,Female,Other,Kurdish
R_9yrdFAO1Q1k3QK5,63cee90471704f850eb478e9,5,4,6,3,5,2,3,2,2,1,3,Germany,22,Male,Mixed,German
R_2X6XuyoHLYIQkgj,62cd76f4e1297b0f56874ffd,6,5,5,1,1,6,6,1,5,3,2,Germany,35,Female,White,German
R_9SPJRpYfMdx252h,63fe22806d22fad00a2a2500,4,4,5,2,2,4,4,4,4,4,3,Germany,24,Male,White,German
R_3EyXcjYHTu6HwPU,644bb856958bf41bdd713868,1,6,4,1,2,5,5,3,5,5,6,Germany,23,Male,White,Polish
R_PXnVVhotQiyYonf,611c1e55a538e94547cf17cf,2,2,3,4,2,3,4,5,5,4,3,Germany,23,Female,Asian,German
R_2P71bguBgpTQ0KS,642d628653d696960ce09a7c,2,6,6,3,3,4,4,5,5,1,5,Germany,20,Female,Mixed,English
R_3EEAd0wMVQIASxe,64551e36bc476bab4d8571da,4,4,5,1,1,3,3,3,3,1,2,Germany,23,Female,White,German
R_egjdIh9XsO2Uxyx,643ec5826a2b97f107137b82,2,4,4,4,5,3,3,3,4,2,2,Germany,19,Male,White,German
R_5sEvA4y0twGKPGp,644961bd81545e211907b654,2,3,2,5,6,2,2,4,6,1,1,Germany,32,Male,White,German
R_D0rae7lFf2f6vpT,644ce8c554ecbb7a57adf79a,3,5,5,2,5,2,3,2,5,2,1,Germany,19,Male,White,German
R_UtBMOthVqDSN7H3,645263dd58c9ef0a1097fee3,3,1,5,2,1,4,5,3,3,2,2,Germany,22,Female,White,German
R_2w1DTBEFdFnskV6,642fda210203a564f1839077,2,4,2,2,2,6,6,5,5,4,3,Germany,23,Male,White,German
R_3iRv5SpOQTp7TjI,6426e08aeb8bbbe548338546,2,3,4,2,3,4,4,2,4,2,2,Germany,20,Male,White,German
R_238GwZX4rg8Mj6L,642bb10727bfa9658a73330a,2,2,1,1,1,4,4,2,4,2,2,Germany,33,Male,White,German
R_7UJrpezihG4GMEx,643de4602d8abc2605ab2045,1,4,3,2,2,4,4,4,3,3,4,Germany,19,Male,White,German
R_3KO9hEKUsa2FQoJ,63fce1d62af707fa9a407725,4,6,4,2,3,4,4,3,3,1,1,Germany,23,Male,White,German
R_3KGyndJZUijxaSj,64047916b3cf7fb4b608f05e,6,3,5,6,6,1,1,1,5,2,1,Germany,20,Male,White,German
R_2BtVs8BNLuhOQbR,5df297f57f08ed1a6b6c5a0c,1,3,1,4,4,3,3,4,4,1,4,Germany,23,Female,White,German
R_2fBctRzRlO6xQsK,637fdd5f104309626bb377f8,5,1,6,5,6,1,1,2,5,2,2,Germany,22,Female,White,German
R_1FsxJqkdvIcNroo,5ec53e7fdefeea4b0e1f3e4f,3,4,5,3,4,4,4,4,3,5,3,Germany,21,Female,White,German
R_3PnVaT45tfpPsyP,6432bd53be7f749c2dd61f22,4,5,3,3,2,3,4,4,4,1,2,Germany,20,Female,White,German
R_d6JdyeJMHVugX2p,5c9b4f2f9ca7f60001256bcf,4,4,2,1,1,6,5,3,2,2,2,Germany,28,Male,White,German
R_20SZfSuhczZknuP,63bd965ba99fe78b86ef4ac2,5,5,4,4,3,3,3,4,3,2,1,Germany,25,Female,Asian,German
R_Winaeb0Eb4PauRj,6166edc246eafff2d044299d,3,2,3,3,3,4,4,3,3,4,3,Germany,31,Female,White,German
R_3LbibU8uNpvaZMp,642eedd32f80b1119b78910f,5,3,5,2,2,4,4,3,5,2,2,Germany,22,Female,White,German
R_3Gj22jhi9XnfKvp,63eb8a043a0ad9762fcf6265,5,3,5,2,3,4,4,5,4,2,2,Germany,27,Female,White,German
R_2AXRSqzTBcdDKkS,6456a3d9cc8a2f218dd2ae64,3,4,3,3,4,2,4,4,3,2,2,Germany,26,Male,Mixed,German
R_1myppsvHX7WOYMz,6435d9286bfeedf138d25972,1,3,2,1,1,6,6,2,1,1,1,Germany,22,Male,White,German
R_XOiKICnW72kVQE9,627f747144563bc57724b4a6,2,3,3,2,2,5,4,4,5,2,2,Germany,34,Male,White,German
R_3fuF3MhfkDfNJwy,63f3a8e08f5324e0846faa59,3,4,4,3,4,4,4,1,2,3,2,Germany,27,Female,Mixed,German
R_8jJPIXn7kPYjap3,64398d92413407626e99aae5,3,4,3,4,4,4,3,4,3,3,4,Germany,18,Male,White,German
R_2X1Dl6wqHLRKqXk,63c555b61892effbe28575b8,2,3,3,3,3,3,4,2,3,2,2,Germany,19,Male,Mixed,German
R_24k5fYO88BBKmYY,631f27bf2da04850cf83f64f,6,3,5,2,3,5,4,3,3,3,3,Germany,19,Male,White,German
R_aWvEYeGAuOL8pBT,6436d230093ad5ad76de994b,5,5,5,3,2,2,3,4,4,2,1,Germany,23,Male,White,German
R_1JOzCVvsJS6IWXe,60beb1657520f1e69477a90f,3,1,1,4,4,4,3,4,3,5,5,Germany,26,Female,White,German
R_29uArHomGKi9oOf,64388d09ae050f39a25ad676,2,2,3,4,4,2,2,4,2,3,3,Germany,23,Male,White,German
R_0pJtmzM0v7s0V8d,643b361c1275a072e1e3130c,5,6,6,4,5,2,3,2,3,2,2,Germany,19,Male,White,German
R_33jxZtKCP3FtxuW,63b6f0b8ad329f3c485c4eba,4,4,5,3,4,4,2,3,3,2,1,Germany,25,Female,White,German
R_errWpOBNPJkuZaN,63fbb39dc18cf8a21c6a9bfe,1,1,1,1,1,6,6,2,3,1,2,Germany,22,Male,White,German
R_3hg5Gh6ZX05ihOK,6400c3c608426d94d719eb5f,3,5,5,3,2,5,5,4,4,2,2,Germany,20,Male,White,German
R_3HH0bOxX4R8dCcu,644a340c2e2c194d7343deef,1,1,4,2,2,5,5,1,1,5,3,Germany,20,Male,Asian,Vietnamese
R_2PaEdORExcwrJKF,616be8f84341cf8e7dda2494,3,4,4,6,6,2,4,4,4,4,4,Germany,25,Female,White,German
R_22lXwT2Q4SREwye,60acc4335b890e33aca7b27e,3,3,3,4,5,2,1,2,4,2,2,Germany,22,Male,White,German
R_1iajIZGxipZJMs0,5a0af79849add9000140d8dd,4,5,2,5,5,2,2,4,4,3,4,Germany,25,Female,White,German
R_1Cpb4uLLgAOBhCm,610700f4f9547087ee11e1ca,1,4,4,2,2,5,6,4,4,2,2,Germany,27,Female,White,German
R_114UfxFK2jTPYFb,5c0f8d00367ee9000125404a,4,5,3,1,2,5,4,3,4,3,2,Germany,31,Male,White,German
R_2q8eICTgZmZwOPs,64483a04905bcd4a0e0b21e7,1,2,2,2,2,5,5,3,3,2,1,Germany,28,Male,White,German
R_1DOKeILvL1YiBG2,63468b59fa2b2ff0a83c7a6a,3,2,4,4,5,3,3,2,2,1,1,Germany,27,Female,White,German
R_2yqqGyrHaX4YumJ,5c1ec17d30f7d70001c1369c,1,1,1,3,3,3,3,4,3,2,2,Germany,27,Male,Asian,German
R_RmCbWZCwrcT7Y4x,5e5012e6ae58e406242c347b,3,5,4,4,5,2,2,2,4,1,1,Germany,30,Female,White,German
R_2qyGh3i6VYjZvtF,6426d0d228fc75af33e78fe0,1,6,6,6,4,1,4,4,1,4,2,USA,24,Male,Asian,English
R_2P6I5VToI0e5UNg,6041247f16b18a059b9e2759,3,5,3,5,3,5,5,6,5,6,5,Germany,,,,
R_1FRKCQFReT1ZECU,64019da361cbeb8bbe4795f7,1,3,6,1,4,6,4,3,4,2,1,Germany,,,,
R_yDsxTpqa19hucxj,61073a8e6fae58a66dd57b39,3,6,6,5,3,5,4,5,5,3,4,Mexico,22,Female,Other,Spanish
R_1NDDycEsoikq9T1,61453be84f4fdcbe12189aea,2,3,4,2,2,5,4,4,3,3,3,Mexico,22,Female,Mixed,Spanish
R_2wh14BgOL2eEfzr,5f04cd0c2ec97b796438f7a8,2,5,4,2,1,5,3,6,5,1,1,Mexico,29,Male,Mixed,Spanish
R_Dr5sIQ2VHIkGIcV,5ed9fe560adb8b5a860d8d80,1,2,5,2,3,6,6,5,6,3,6,Mexico,22,Female,Mixed,Spanish
R_3GiAepXgXJNVFdq,60afddbaab9ad3e949ac0114,4,5,5,3,3,4,5,2,3,2,2,Mexico,22,Female,Other,Spanish
R_1rN4kBnnCzhtYfr,613a886056265d62028d15d2,5,5,5,2,4,5,3,4,5,2,2,Mexico,23,Male,White,Spanish
R_32XahOV6pGJL33t,60495396834a3e306f18f0b1,1,5,6,1,1,6,6,6,6,1,2,Mexico,20,Female,White,Spanish
R_2tA4SDnFJ5CClqP,609d94f365954bbfe7d4f58b,5,6,5,1,1,6,5,3,4,1,3,Mexico,21,Female,White,Spanish
R_D2YTVzh7Br1Ravf,5d3fcbef55efbe001592c0b6,3,4,4,3,4,5,4,3,3,4,3,Mexico,38,Male,Mixed,Spanish
R_ZLdYvzFychONibn,613b68e36ab8e4f737db4977,5,6,3,5,5,4,2,4,5,4,5,Mexico,30,Female,Mixed,Spanish
R_2TRBlWv0Ufya14K,613a6d70222e298561d06732,3,6,5,1,2,6,6,3,6,2,2,Mexico,26,Male,Mixed,Spanish
R_5vu5sdJE5op4quB,5e9bd025eb6b380e1d66d04c,3,4,2,1,1,6,6,2,3,1,1,Mexico,23,Male,White,Spanish
R_1ojMBZUxZh8Kpfy,5c90617326e3ed00019896a5,2,4,5,5,5,6,5,5,5,6,6,Mexico,28,Male,White,Spanish
R_3h0K7CYnpLZ7WE2,609337515bc9469811c3486c,4,5,4,2,3,4,4,4,4,2,3,Mexico,22,Male,Mixed,Spanish
R_2rwSrqaSyFiEoj1,616f6ed2ead3bb59cd1397ac,2,3,3,3,4,3,3,1,2,3,3,Mexico,23,Female,Other,Spanish
R_4UXjj5IgFL88FGh,5dc436beb4c0ec30c4ca1b2c,2,6,5,4,4,5,4,5,5,2,4,Mexico,30,Male,Mixed,Spanish
R_T6DQxiQos3bH2uZ,613a98d6fcbac0ce210ec3e6,4,4,5,3,3,4,5,1,2,1,1,Mexico,22,Male,White,Spanish
R_2CEwRJ95EFO9DqY,5b94bd5e24fca300016a9425,1,2,3,2,2,5,4,5,5,2,4,Mexico,25,Male,Mixed,Spanish
R_1hQHmJPyknqpcuy,613c11ce8696b84afc0ef290,5,6,5,2,4,5,4,5,4,2,2,Mexico,23,Female,Mixed,Spanish
R_oYo2wVcgpLpMpI5,613a8cddb6da19e08e9c1b3f,5,5,5,5,1,6,6,4,5,2,1,Mexico,28,Female,Mixed,Spanish
R_21olP9jGLTaizFI,6158ac2f7e06babf5e5b87db,2,3,6,2,2,6,6,6,6,6,3,Mexico,23,Female,Other,Spanish
R_1MS9YloWD6E6ULB,616708ac607435c26d65cabf,5,4,6,1,1,6,6,1,2,3,1,Mexico,19,Female,Mixed,Spanish
R_pNb0ZPq1obsQu7n,5f4c1b5626199983e1285d83,1,5,4,3,3,6,6,4,4,2,2,Mexico,22,Female,Other,Spanish
R_2SHPzZyl9OKp2VE,60d6cf661bbe1f28e48040bd,2,3,6,2,1,6,4,4,3,3,3,Mexico,23,Male,White,Spanish
R_p9PLRbVUQyMwTAJ,5c0048442213be0001c2d579,3,4,4,3,4,4,4,4,4,2,2,Mexico,27,Male,White,Spanish
R_bacwVahjWEt5i2l,6143fce3f32125a7e2811fbd,3,5,6,5,3,5,4,5,4,4,2,Mexico,22,Male,Mixed,Spanish
R_2OHMKVG41ktwO84,611e981ff1974fc524751d25,5,6,4,1,2,6,6,4,4,1,1,Mexico,22,Female,White,Spanish
R_3f0rJQ8LE0MLl0B,5ef930974bc6e0000848aff7,1,2,2,5,5,2,2,5,5,4,5,Mexico,30,Male,Mixed,Spanish
R_ahjnsYsuAXMyyuB,613e18e92e4ed15176362aa2,5,5,4,1,3,4,5,5,4,2,1,Mexico,20,Male,Mixed,Spanish
R_10UyfhXv7xhR4I4,5e8fd165f3d8212cd90e0d4d,1,6,5,1,1,6,6,5,1,1,1,Mexico,24,Female,Mixed,Spanish
R_128RapBVhgO7PW6,613fc42e230698fc4d503a2b,3,4,4,1,1,6,5,6,5,3,1,Mexico,25,Male,Other,Spanish
R_SO7kAyc1wLVELZf,5f4310b391369a1776db2dde,2,4,3,4,4,3,3,4,4,2,2,Mexico,29,Male,Other,Spanish
R_ZKNYFc32zYqesDL,5ff649fda2b5841ceef90ff0,1,6,4,1,1,5,4,5,6,2,1,Mexico,20,Female,Mixed,English
R_DT8ezgA5EQxeEKt,60a595202752aa1fcd8e07e7,4,6,6,2,5,2,3,5,4,1,1,Mexico,26,Female,Mixed,Spanish
R_3Hw4Zj9eMWFPwmY,5e5c993cd0394c474f7cc502,3,3,2,1,1,4,5,1,4,1,1,Mexico,26,Male,Other,Spanish
R_2QXKJA2VBj4broz,60c101e4634ffb1aa797b924,1,6,2,5,1,5,5,2,4,5,5,Mexico,32,Male,White,Spanish
R_2YfFjtzB55VaJeC,6140f49855d0bb381d41eddf,2,3,2,2,4,4,5,4,4,2,3,Mexico,23,Male,Mixed,Spanish
R_xn0LjfFfPsDuoN3,613a748b1164174a301261cf,1,4,5,1,1,6,6,4,6,1,1,Mexico,26,Male,Mixed,Spanish
R_1jdjJOmQzBbGdRB,616da508e4014f74f43c8433,3,5,5,2,5,5,5,2,5,2,5,Mexico,21,Male,Mixed,Spanish
R_2V2fJqmUfuKNp2s,614ab9a1c3eb9f981b40c893,2,3,6,3,3,3,4,5,6,5,5,Mexico,27,Male,Other,Spanish
R_3MhXNz5UtM054Oo,614ac8fb3ea7756493dc3742,2,2,4,3,4,3,3,4,3,1,1,Mexico,22,Female,Mixed,Spanish
R_BDF83IdQcdOuaEp,5e8d0662babca60cd2457e75,2,5,4,4,4,5,4,3,3,3,2,Mexico,31,Male,Mixed,Spanish
R_10Ipm1GozWrKz8w,5c36b54ed4627100010c4786,5,6,5,2,2,6,5,5,5,2,2,Mexico,33,Male,Mixed,Spanish
R_3KTS0Wwyfo2uEy4,61381fc0024ffe24683c2784,5,5,5,4,4,3,3,3,3,3,2,Mexico,22,Female,Other,Spanish
R_3dGNymNJ0iQTUyu,5f48421f35c0952fbd39fcbd,3,6,2,1,2,5,2,4,4,1,1,Mexico,35,Female,Mixed,Spanish
R_TiMteqezapMEYVz,5ea26df413923f18749e8a91,6,5,6,1,4,6,5,5,3,1,5,Mexico,25,Female,Mixed,Spanish
R_2c3AjXdcPMKyJC9,614b56db574226da0851f05c,3,6,6,3,4,6,6,6,6,4,4,Mexico,25,Female,Mixed,Spanish
R_1GP27i2v4uLxkap,61719c5bd60f7885fceb4699,6,6,6,2,1,6,5,3,2,3,3,Mexico,22,Male,Mixed,Spanish
R_e5QOJCpEA1T5t3H,613a78cf2dfb50e6ed729c61,3,6,5,4,4,4,4,4,4,3,4,Mexico,22,Female,Mixed,Spanish
R_TjRuCINiA1ayDip,6151bc90b4b86b7b3e56189f,1,3,2,4,2,2,5,3,4,3,4,Mexico,19,Female,Other,Spanish
R_2f0CCIAzkvC7ydb,6155e324c9ecb68a99cdede9,2,3,6,1,2,6,6,2,4,2,1,Mexico,25,Male,White,Spanish
R_3PZgIDfzSJ59lDd,615e1837df2d927f6820b57d,3,6,5,2,2,6,5,5,6,2,1,Mexico,20,Female,White,Spanish
R_1rjErjLSotEJkZO,613a9e8e0795eac100d865bb,3,4,6,3,4,4,4,5,4,3,4,Mexico,21,Female,Mixed,Spanish
R_3dWU0myIlIq7kDo,60309a142458094108f37f73,1,4,5,1,3,5,4,2,5,3,4,Mexico,25,Female,Mixed,Spanish
R_1gT2ZTaZTr4BZlo,613a6c93c8ecb9b626ac35a2,1,6,6,1,1,6,6,3,3,1,1,Mexico,26,Female,Mixed,Spanish
R_2Blzz6k4oz9P5aQ,5f3c202dc59223a250d37f11,3,5,4,4,6,2,2,5,5,2,5,Mexico,29,Female,White,Spanish
R_2c5clfADnGiDvvA,5ec9955dae39ce4b4fca335b,5,4,2,1,1,6,6,1,1,1,1,Mexico,23,Male,Mixed,Spanish
R_DMgos4gBmDVDxv3,6053c980f7612d61ed799ce9,3,4,6,4,2,6,5,3,5,2,2,Mexico,22,Male,Mixed,Spanish
R_1Ic1vkfHZui6105,615b15911eb529a6ab56d854,5,5,5,3,6,3,2,2,3,2,3,Mexico,24,Male,Mixed,Spanish
R_2q1tAr6wU2SIM9G,5f80a6f92dac9e105a84b405,4,2,5,1,1,5,4,2,2,4,2,Mexico,24,Male,Other,Spanish
R_2wQs88E4tcv2vty,616109a92c2028381b488d26,2,5,6,2,2,5,4,3,3,4,5,Mexico,22,Male,White,Spanish
R_3Ec0623D9j0EiKi,613a6abd8f010ce9c87a4bc7,3,5,4,2,2,4,4,4,5,1,2,Mexico,24,Female,White,Spanish
R_2VCit6G4QsQAvxh,61608b525e4e1e9c932f1421,4,6,4,3,3,4,4,4,4,3,2,Mexico,25,Female,Mixed,Spanish
R_0eOksMQ71UG2Mmt,5dc0353028cfb7479e1f7e8d,4,5,4,4,4,4,4,2,4,3,3,Mexico,25,Female,White,Spanish
R_12DY6H1eQe6OYBZ,5bfb7a8b3db90d0001f559a8,4,4,4,4,4,1,1,1,1,2,3,Mexico,35,Female,Other,Spanish
R_0Baof1mV8HAMQZb,613a5c825fe56403fd8d13a9,4,4,4,4,4,4,4,4,4,3,3,Mexico,22,Male,White,Spanish
R_2tJw4DU27qSEwvd,613a9700bf01a93d7008c3f7,2,5,4,1,2,6,6,3,5,1,2,Mexico,24,Male,Other,Spanish
R_aVRXLcpkaa7t1rH,614399341d2f0bcb5fe49a91,3,5,6,5,4,5,6,4,5,2,2,Mexico,21,Male,White,Spanish
R_2WOpaT9zPN1zlFj,606e7d7942e4973f7ea8408e,3,6,5,1,2,5,5,5,4,2,2,Mexico,27,Male,Other,Spanish
R_sLieuxeTlpLV6M1,615e67a92bcd04cb496d647a,2,4,2,1,2,6,6,4,2,2,2,Mexico,22,Male,Other,Spanish
R_1LcmJ6PK2TbQZy9,6028556644c98e198530f83f,5,4,5,5,3,2,4,4,5,4,1,Mexico,22,Female,White,Spanish
R_3iqebQ4surHnFrm,5e9569e57ca863415e6359bc,4,4,6,1,1,6,6,5,5,1,1,Mexico,22,Male,Mixed,Spanish
R_2PBa7yKYS06zeCV,614e0a7aef8a6dd9107fb1c6,1,4,6,1,2,6,5,2,4,2,2,Mexico,30,Female,Other,Spanish
R_QamX7TlAYX1IsQF,5f3d7b3310ad88134a27f2c7,4,2,6,2,1,1,6,5,4,4,2,Mexico,31,Male,Mixed,Spanish
R_28UnmPqPujtjxUd,613a52204998013c1ad759d6,5,4,5,2,2,6,5,4,5,3,3,Mexico,26,Female,Mixed,Spanish
R_3nUvjEtVqF5Quhl,612eb19f8a38f5cbf48d287a,1,5,6,3,4,6,6,6,6,4,6,Mexico,21,Female,White,Spanish
R_2SqW0y97b6kcTqv,5f19dc86afa07c0894f60578,1,5,5,1,1,5,5,3,3,2,2,Mexico,23,Male,White,Spanish
R_z1lDZaobAkO3MIh,5e45ad5adb671e0952ec6b86,6,6,2,1,1,6,6,4,4,1,1,Mexico,28,Female,Other,Spanish
R_21GkYgeQ3S1Qj0k,5eb202e64441603692ca7d2c,2,6,2,4,2,5,5,5,5,3,4,Mexico,31,Female,Mixed,Spanish
R_2y91q6kTCgvRN3Y,5f55136768e37c8a6616bb09,3,4,3,2,3,4,4,3,3,3,3,Mexico,25,Female,Other,Spanish
R_3niUHxXOT8aqhIH,611176c648be062acf123468,4,5,4,2,3,4,4,4,5,2,1,Mexico,25,Male,Mixed,Spanish
R_3rYU5BnzH4Ayzb5,614fb62d27185da9cc2a9a24,3,5,5,4,6,4,5,5,4,4,4,Mexico,28,Female,Other,Spanish
R_2Qhp613rDT2k10C,61764d66dde556a8e0d03c14,3,2,3,4,5,4,4,4,4,5,4,Mexico,22,Male,White,Spanish
R_25bNhPy9YN0UzhT,5f08f3e3ff3278174e40069b,3,6,6,1,2,5,5,4,4,1,2,Mexico,24,Male,Mixed,Spanish
R_tS8MM4bu0kWFvxL,613a73698cc7d9c7b60930cd,2,4,6,1,1,6,6,4,3,1,3,Mexico,27,Female,Other,Spanish
R_22XHtb5ZzmEf9XA,6047b38939f7610352261d47,1,4,2,2,2,5,5,5,6,2,2,Mexico,34,Male,White,Spanish
R_2AZK2hp30N9znNp,613bbe37bb5e6fa81c182308,2,3,2,1,1,6,5,3,1,1,1,Mexico,26,Female,Other,Spanish
R_1IyihTrPIVb1Uix,61475ceec9cea78cda3c01df,2,6,6,2,1,5,3,4,4,2,2,Mexico,23,Female,Mixed,Spanish
R_1BVCMoNdNUQfVOU,6106594a7d30207c31ae53fe,4,4,4,3,3,5,5,4,4,3,3,Mexico,19,Male,White,Spanish
R_00YRgfxpGtO81lD,613a6eb8932c145d01f03c62,4,5,5,4,2,5,6,5,5,5,2,Mexico,21,Male,Other,Spanish
R_2YrY2Nxho1FpK7t,613ac4fcfa4b7e01abd45dc7,1,4,6,1,2,5,5,3,4,2,4,Mexico,20,Female,Other,Spanish
R_2wQxCL3JnKgkkkY,601584d717cbb906851646b7,5,4,3,3,2,4,4,3,3,3,4,Mexico,23,Prefer not to say,Mixed,Spanish
R_1dFVnkgaTXdSWRm,617078af72ac57476fffaa1f,5,6,5,3,4,3,2,4,4,3,1,Mexico,25,Female,Mixed,Spanish
R_3kpQOQvrEsgqO1m,614e4293cc2629b9b02953b9,2,5,3,2,2,5,4,4,5,4,2,Mexico,25,Female,Other,Spanish
R_1F2jrvlvLXEFfAD,613a8cbb6c44fc553001c364,5,6,5,1,2,6,5,1,2,4,3,Mexico,29,Female,Other,Spanish
R_3JLCS5mFwEdzgM2,6130790d980414997f35c04c,1,6,5,1,2,6,5,5,5,3,3,Mexico,26,Female,White,Spanish
R_2fvaKe6ahWhs0kP,613af0bd1ff8c576ff8cafbe,4,4,5,4,5,4,4,4,5,5,4,Mexico,23,Male,White,Spanish
R_3fs2WH8iDNvnRpL,60b651381aa0911cce208974,5,4,6,4,4,3,3,4,4,2,4,Mexico,28,Female,White,Spanish
R_3QWCpVKmOiU1qCW,61663fc40608a8c8e6ac7d35,3,2,5,2,2,6,5,4,4,3,2,Mexico,23,Female,Mixed,Spanish
R_1pxqaCWzIJBLeKn,5fa7498a07f8c14ac2d2cf30,3,1,6,1,2,5,6,6,6,3,3,Mexico,21,Male,Black,Spanish
R_Xncu4OHgx6w3uQ9,616f423e8893bea6dd1e7f52,2,5,6,2,2,5,4,3,4,3,2,Mexico,22,Female,Mixed,Spanish
R_2CeRQV8YSquANFT,613c542c957161802d700fb2,6,6,2,2,2,6,6,3,5,4,4,Mexico,21,Female,Mixed,Spanish
R_2taitkyEaIHsIGk,5ee371a168a09104dc317158,6,6,2,6,1,6,6,3,5,1,1,Mexico,29,Male,Mixed,Spanish
R_OwWMUW3nMEChJmx,6043f909d14273455e5e7436,2,6,2,5,5,6,5,3,5,5,2,Mexico,23,Female,Mixed,Spanish
R_bHhi3g0LGcnDQ41,6013bc0e9807112845bb1556,5,3,4,3,4,1,2,4,3,1,1,Mexico,25,Female,Mixed,Spanish
R_25Nqent6Lib5SaF,61678183af5867c98652331a,1,5,5,4,4,2,2,1,4,3,3,Mexico,21,Female,White,Spanish
R_1d07HxgeIcmjdfK,600916bb92179b5ecc406460,3,5,4,4,4,4,4,5,5,4,5,Mexico,24,Male,Mixed,Spanish
R_sL6SNaYCJ1bmEUN,5ffab69a57132749844b8020,4,4,5,4,4,5,4,5,5,5,4,Mexico,22,Female,White,Spanish
R_sAMEf1lgAOQV74R,5fa318d8cbda73497645e374,3,5,6,2,2,5,4,3,4,2,3,Mexico,21,Male,Mixed,Spanish
R_tKwVYlXnLlmSpjP,6108139e89cc5e0bcc998019,4,6,6,2,2,6,5,4,6,1,3,Mexico,24,Female,Mixed,Spanish
R_2sX81fy1czIbhnn,613bb631e2916a1f44404656,3,6,6,2,2,5,5,4,5,2,1,Mexico,19,Male,White,Spanish
R_2B9RURpQ5xkFWHb,5aea8c59ae889e00018624c2,5,2,3,4,3,4,3,3,2,3,3,Mexico,28,Male,Mixed,Spanish
R_3h5Xc31POBgEXJw,614773b5dbd4c3cabeb14c29,2,2,2,2,4,4,5,2,2,2,2,Mexico,22,Female,Other,Spanish
R_3Mbw3Pw9DbKVk7F,5eb0cb5afb9e2418da928edb,4,4,4,4,5,3,4,5,5,1,2,Mexico,23,Male,Mixed,Spanish
R_2wO02PEZVf44epv,613963634f7f0c52aec905b1,2,5,5,3,4,3,4,4,6,1,1,Mexico,23,Female,Mixed,Spanish
R_1DupAHf2F2l8c4J,5e0b87eb58a5c73bdc9aa47b,1,3,4,5,4,5,4,4,4,3,4,Mexico,21,Male,Other,DATA_EXPIRED
R_2SHya9wJZAlgvmh,5e902a581baf783237598a3c,5,6,6,4,6,4,5,6,6,2,1,Mexico,38,Female,Other,Spanish
R_331D8vGD5WfZ5rd,5ff25479e1506a2621738db2,2,1,2,4,5,2,2,5,5,2,4,Mexico,21,Male,Mixed,Spanish
R_2vY53C5r9w0JDuc,600091ba38fa9b158243c79f,6,4,5,1,1,6,6,2,3,2,2,Mexico,21,Female,Mixed,Spanish
R_6hYmLdhzLW4ew0N,5a72b88ff1530b000103e021,1,4,1,2,2,6,5,4,4,3,3,Mexico,36,Male,White,"Spanish, English"
R_2CcYkzIEa3WWxyN,613abcb25093a4df1e5122dd,5,5,5,1,1,6,6,4,4,4,6,Mexico,21,Female,Other,Spanish
R_PMdzhvgrf90DTfr,613a645f7db17010e1c13dfa,6,6,6,1,1,6,4,2,4,2,5,Mexico,21,Female,Mixed,Spanish
R_1Nf94YEBMEAD8DG,5c19b6e25ead950001bdb5a8,1,5,4,3,2,5,6,3,6,4,2,Mexico,25,Male,Mixed,Spanish
R_3KIOAWogHJs2qKW,61171a54a45f9ffc236675db,3,3,4,5,4,3,4,4,4,3,3,Mexico,20,Female,Other,Spanish
R_24IsRTeuxz9P6dt,5cc86bb2e7d28d001962ddf4,1,3,2,1,1,5,6,1,1,1,1,Mexico,28,Male,Mixed,Spanish
R_3PaAtXq9AlJBc3b,5f28fc46a241c52993dca6a4,2,6,3,1,1,5,5,2,5,2,1,Mexico,25,Male,Other,English
R_3iCoLIFvgptH2Pq,613fcce335cef5218ce422ce,5,6,6,2,1,5,5,4,4,4,3,Mexico,22,Male,Other,Spanish
R_2cArVcXU4hcimOP,5edd2e458f29cfa351de300d,1,5,5,1,2,6,6,4,5,3,1,Mexico,24,Male,Mixed,Spanish
R_3oI3XK4tNxqZ3RX,613a8b3d246c0633e74ceff8,4,4,6,1,2,5,6,3,5,5,2,Mexico,20,Female,White,Spanish
R_3Ok4zUFqrgGnQHn,5f9a045da6c3431141e8339d,5,6,6,1,3,6,6,5,2,6,5,Mexico,21,Female,Other,Spanish
R_21jjPFJhyISpeY9,5ec1f52f74d69c62f8207c23,2,4,5,2,2,4,5,2,3,3,5,Mexico,26,Male,Mixed,Spanish
R_2BaNIvmc6395twR,5eb06d490b554111d40b842f,4,3,4,3,4,4,4,2,3,1,2,Mexico,33,Female,Other,Spanish
R_3hruH6oggxU4mA4,61393a7f7a0a888995a8d640,4,4,5,2,4,3,3,4,4,2,2,Mexico,22,Male,Mixed,Spanish
R_3qNKRf43KHqyn1L,61230876ad65890ff8619511,4,5,6,3,1,4,5,2,2,2,2,Mexico,37,Male,Mixed,Spanish
R_31mAN4XFA5P3ur8,6121bf2dcd62398f2607538e,2,4,3,2,3,3,4,3,3,3,5,Mexico,22,Male,Mixed,Spanish
R_2ScMPXldc4nCjVI,61075b217ce52432867755f1,3,5,5,2,2,5,5,4,4,2,2,Mexico,23,Female,Other,Spanish
R_1dmp5vUehHcPOX0,613fde0b34b0cbed4c9250ad,3,2,6,1,2,6,5,5,4,4,2,Mexico,22,Female,Mixed,Spanish
R_1C8SUSckFggc3NU,614d05f9b577ed47c8b6db75,5,3,5,2,1,5,5,2,3,2,2,Mexico,24,Female,Other,Spanish
R_3iR3IvjeoWcCVyC,61413300c9d2346cfb3d9ca5,4,3,4,1,2,6,4,2,1,1,1,Mexico,27,Female,Mixed,Spanish
R_2WOImTrG9YUg1O9,616f469494656434f5b4ebc6,3,5,4,3,2,5,5,5,5,4,5,Mexico,32,Male,Mixed,Spanish
R_1eylFGFeULvcKss,6092f21eb483692c6ea09303,5,3,4,1,2,6,5,3,5,2,3,Mexico,31,Male,Mixed,Spanish
R_OjQs96lSj1P8dvX,5f3089cba2052d4f14e10381,6,5,5,1,1,3,5,1,4,1,6,USA,24,Female,Other,Spanish
R_3g5749n0ENi42Um,5e66c226df642c0a74ef7b68,3,2,4,4,4,4,4,4,4,3,2,Scandinavia,23,Male,White,Danish
R_2QtAyVJlhSiLUSb,5e74b5b6a9d3b5000a99e644,4,4,5,3,5,3,2,1,3,3,3,Scandinavia,28,Female,White,Danish
R_3g583Zsoqdy8QKk,615e95f3e198fde2ed45798f,3,6,3,2,2,4,5,5,4,2,2,Scandinavia,19,Female,White,Danish
R_eVFEc6RCLrPRSIp,5cf1d063fc94fd0017196899,6,6,6,2,2,5,5,2,6,2,2,Scandinavia,23,Male,White,Danish
R_2VsGSzZtP5Lhmx3,60c07a36ba668880b8010450,2,3,4,5,5,5,2,4,4,2,2,Scandinavia,30,Male,White,Finnish
R_3J1VsAyOysoOZwU,59d40cd1c732930001d8896c,4,4,1,1,1,6,6,3,3,2,1,Scandinavia,23,Male,White,Finnish
R_1IRy7yNGii9xy5t,587905adc34844000174ee45,2,2,2,6,6,1,2,2,2,2,1,Scandinavia,36,Male,White,Finnish
R_2D2gSxXw5Drsb1x,5df207d4d62abe10cc967273,3,3,2,4,4,1,2,3,3,3,2,Scandinavia,36,Male,White,Finnish
R_22RkJzd9uF6QHO5,5cfa25054ccbd50001535f0c,2,2,3,4,2,4,4,4,1,1,1,Scandinavia,23,Male,White,Finnish
R_1hZsTPk6uSZUA58,608e8f033dfa4cde61c14def,1,2,2,2,2,6,4,3,3,2,2,Scandinavia,27,Male,White,Finnish
R_1gwDPemxMDKDhsW,5f37d0096c8c8f25965fed22,5,2,5,3,4,4,3,4,5,3,2,Scandinavia,27,Male,White,Finnish
R_24CrWCraEaNR08Q,59b39cd4c05bb50001eb3b81,3,3,5,2,2,3,3,3,5,3,2,Scandinavia,32,Male,White,Finnish
R_3RqJpViVdqiUmqq,600748a1b339b612f9da537f,4,5,3,4,4,3,3,3,2,4,4,Scandinavia,22,Male,White,Finnish
R_20VbzLEKQpLXM1J,6025814c49a39b0fdcb3bb9f,5,4,6,2,5,4,3,3,4,2,2,Scandinavia,25,Female,White,Finnish
R_1pLEOvCCbuj9TXl,613b71d4e06c3cff69748d72,3,3,2,3,3,4,2,3,4,3,1,Scandinavia,21,Female,Black,Somali
R_81tPya8hjXwAa2t,5e6800b21e7c82000b6d26f4,2,3,2,4,4,4,3,4,3,2,2,Scandinavia,27,Female,White,Swedish
R_2AECQVEYmMWv2q1,5de7a0d9555aef71eaf430cf,2,4,3,1,1,6,5,3,4,2,2,Scandinavia,30,Male,White,Finnish
R_XHE4zsZg9gnGLux,61600393e134331ea69d3bb1,3,2,3,1,1,6,6,5,4,1,1,Scandinavia,24,Male,White,Finnish
R_vlg9yIJVUdpBCUh,614079dd9cffe9801c9c30a1,5,4,2,1,1,5,6,1,1,1,1,Scandinavia,23,Male,White,Finnish
R_sF4Zmv9V09Gi6kx,60476abe1e9b3823e4b126d3,2,4,3,2,2,5,5,3,4,2,2,Scandinavia,23,Male,White,Swedish
R_3nxiw5udLoUHxj8,5ed8efe9b03f8c40d2bae5be,2,2,4,1,1,6,6,2,5,1,2,Scandinavia,23,Male,White,Finnish
R_2PosS1wDrlYRs6j,5f7dd36ff7b307043936d936,3,3,3,3,4,5,4,4,4,3,4,Scandinavia,24,Male,White,Finnish
R_2xJgSm3atAsVfMQ,60c9d8ae2ac803814af726f1,1,1,1,1,1,4,3,1,2,1,1,Scandinavia,41,Male,White,Finnish
R_3jU1r8fPaWGXifR,5bded47a73c8380001586d71,3,3,4,2,2,3,4,5,4,2,1,Scandinavia,28,Female,White,English
R_2qEFk7bMrU3uCcX,612b599d2a4b5bc201fea25b,3,5,4,4,5,2,2,3,3,4,4,Scandinavia,25,Male,White,Norwegian
R_3QGzEqEx498Jhxa,5f45893e33f053189fdceed7,5,6,3,2,2,4,4,5,5,2,1,Scandinavia,38,Male,White,Norwegian
R_BXFDjLUJgePk9Bn,5f12ee4ccce85027ff518ce9,5,2,4,5,5,2,2,2,3,4,3,Scandinavia,23,Male,White,Norwegian
R_1mXaJ0AWIiQjl23,5ecd08307d9ebc01c45545db,3,2,1,3,3,4,4,2,4,3,2,Scandinavia,23,Female,White,Norwegian
R_2q3POPkpFpZsc0x,5e35e1e5077089582bae3a34,4,5,5,2,3,3,5,5,5,2,1,Scandinavia,21,Male,White,Norwegian
R_YVu7subQQJNpE53,5ed2fdcb5353e829674f861e,1,1,1,2,3,4,4,4,4,4,2,Scandinavia,22,Male,White,Swedish
R_1Yt4zc2rFdaPuwx,58acbfacea3d11000170e99a,4,6,6,1,1,6,6,6,6,1,1,Scandinavia,38,Male,Asian,English
R_2zvU6kp4Rz6fSxt,60fb16142aac7c765267ed78,3,2,2,3,3,4,3,4,4,2,2,Scandinavia,25,Male,White,Swedish
R_2wp2Cn5DXmztrUN,5eb64825c23fbf5300fb5bd9,1,1,1,2,3,3,3,2,2,3,1,Scandinavia,28,Male,White,Swedish
R_2rMVsRODUblTgqx,5c46dd665aca820001f7d478,2,2,5,1,2,4,4,4,4,2,2,Scandinavia,22,Male,White,Swedish
R_3iRmLIWEJP8hJq9,6146a986c157a7f519b3835a,3,3,4,6,6,2,4,1,4,1,4,Scandinavia,25,Male,White,Serbian
R_3PtKTZj2qDF51Xf,5e2df2855e01ef3e5d01ab58,3,5,2,2,2,4,4,2,3,3,3,Scandinavia,29,Male,White,Swedish
R_3MAwq2XxS4NXNOn,5ea62c8bba2bb363b85cbbd2,1,1,1,1,2,5,5,2,2,2,2,Scandinavia,36,Male,White,Swedish
R_3mjyH3mbSLP64jn,5e738761c4c4982e6cb81e32,4,6,4,4,4,3,2,5,6,2,2,Scandinavia,24,Male,White,Swedish
R_2vdbDwACe1tRDBW,5f1fc5b5f0adf01ed9d74ba1,4,6,4,2,3,1,4,5,5,4,1,Scandinavia,31,Male,White,Swedish
R_2yraXQ7Z9JDLDxm,5c3d7b25c21f060001c40ba6,4,6,6,1,1,6,6,1,4,1,1,Scandinavia,30,Male,White,Swedish
R_1rHPfHaE9r5CErO,601000c380f7d923c17143ef,5,4,6,3,4,3,3,2,3,2,2,Scandinavia,25,Female,White,Swedish
R_dmU2A3hD8P2vIzf,5f96b51cbae3050008922c58,3,3,4,2,4,3,5,3,3,3,4,Scandinavia,26,Male,Other,Arabic
R_RXEnUcYYUtqBbuV,5b4efc90baf6710001f113bc,3,4,3,1,2,6,5,3,4,2,2,Scandinavia,22,Male,White,Swedish
R_A1LHChpOHlrXAB3,5ebe6adb60cbb20008e72e3d,1,3,5,4,4,3,2,5,4,3,2,Scandinavia,24,Male,White,English
R_1CjrqjQ2QeiEGbZ,6096719df0721b6ad77942a6,1,3,3,3,3,4,5,3,4,3,2,Scandinavia,25,Female,White,Swedish
R_9tqLXBN9AbsVsZP,60a433db305276b4855fcb41,2,2,1,1,2,6,6,3,3,2,2,Scandinavia,20,Male,White,Swedish
R_1dH1mYeRyY5UtPr,5ed911dc8e976d0ba07c3f17,2,4,2,3,4,3,2,1,2,3,3,Scandinavia,22,Female,White,Swedish
R_PFLvXjfYFezLxfz,5f53f35d364a0474790e88e7,1,6,1,1,1,6,3,3,3,2,1,Scandinavia,24,Male,White,Polish
R_ZsB1sB9DaxvSyEF,616b2068ec2a937a2b6a45ed,5,4,4,3,4,6,2,5,1,1,1,Scandinavia,20,Male,Other,Arabic
R_12PhrkWzI185UAS,603d01e8e8d8bdb682d9ec26,2,4,5,3,4,4,4,5,4,3,4,Scandinavia,32,Male,Black,English
R_2VdsSqBjSzmEbpF,5fff6f448a62110affaa4d17,3,3,3,3,5,4,3,3,3,4,4,Scandinavia,27,Male,White,Swedish
R_3G2u3vGyoIy2xid,5f5fc35dfcb0db07a1d4355f,2,2,4,2,2,5,5,5,3,1,1,Scandinavia,21,Male,White,Swedish
R_2rOrlFT4hmzfqvC,611e8f65d14fed0d245c6eb4,3,6,2,1,1,5,5,1,2,1,2,South Africa,,,,
R_UAZOIWiR2TfXegN,611c5d79bfc8b929093b0506,5,5,4,2,1,6,6,3,6,1,6,South Africa,,,,
R_2ux3kKYEzqtO4gI,611d1c9f1474271461e265a9,2,3,4,2,2,4,5,5,3,1,1,South Africa,26,Female,Black,English
R_A0QnvETm4SDjrRD,6150b1ab531874be26425a70,4,5,5,5,5,3,4,4,4,1,1,South Africa,35,Female,Black,English
R_3qxG2siwzpq1ZK8,60f41127e7575026e5e4de9a,2,2,6,1,2,6,4,4,3,1,2,South Africa,20,Female,Black,English
R_3n2FfchsuzhjJhn,611abe6af992f6d35f60c003,5,4,6,3,4,2,3,5,4,1,1,South Africa,20,Male,Black,English
R_33fCRbzisvzN8gc,610b27ac93b71d55da6f6233,3,5,4,4,3,4,5,3,4,3,4,South Africa,28,Male,Black,English
R_2doora16zrLpLRt,612f6349ea2aaf7985d7985f,4,5,5,2,2,4,4,4,2,2,2,South Africa,22,Female,Asian,English
R_1f3mOl5QlpjgOTj,60fb217e4833977bcef4b0db,1,1,2,5,4,6,5,4,4,4,4,South Africa,22,Female,Black,English
R_1QaNhKYbbuulvuq,5f27f9f7119cde0008a93be7,5,5,1,1,1,6,6,2,5,1,4,South Africa,29,Male,Black,English
R_3MgKZ1onnKzBFgz,613346771c2253fe004f228d,3,4,6,4,1,6,6,6,5,3,1,South Africa,27,Female,Black,English
R_39lmVaf9MFVbWZX,611666722763d407c769eb9b,3,5,5,3,5,4,5,3,3,3,2,South Africa,25,Male,Black,English
R_rkA6Ss659NOUIo1,6172565eadc997827ec98b06,1,5,3,1,1,6,5,6,6,4,1,South Africa,20,Male,Black,English
R_2Vr8ELUWAzejn8Z,615c154b4a557ecdd440adaa,3,5,5,5,5,5,4,5,5,5,4,South Africa,24,Female,Other,English
R_2yj8bBdn0gcOCCT,61253c280188c5503a64af66,2,5,5,2,3,5,5,4,2,2,2,South Africa,27,Female,Black,English
R_2AFJUkrI2ltruhI,61054b374fa90c7de60ba2b7,2,4,3,4,3,4,4,4,4,4,3,South Africa,21,Female,Black,English
R_0ihw94EcF1F2KxH,6140ce4dda5b2dbaa1140038,6,5,5,1,5,6,6,6,5,5,1,South Africa,20,Female,Black,English
R_3nN1voxD7VoUqAm,613a12c8d3a6a3fc3763f4c3,1,2,5,2,6,5,4,6,5,2,2,South Africa,22,Female,White,English
R_322snepS1xoa6hR,611d4007668a1b43e490bd0a,6,5,5,2,5,6,5,3,5,1,2,South Africa,28,Female,Black,English
R_T0EB5suakRjEdkB,5e92e1cb04450c116424012d,1,4,5,2,4,3,5,6,6,6,1,South Africa,21,Male,Black,English
R_32XiO7Lyhw6OHFq,60fa7438b47f4d4d4c4432db,5,6,6,1,2,6,6,6,5,1,1,South Africa,24,Female,Black,English
R_1OP2Tr2N2kUwj4c,60e44763a30dd2b512831799,3,4,4,5,6,3,4,3,5,2,3,South Africa,21,Female,Black,English
R_2CkBcswnIUvTwoU,610ce0a48fc7e68abc4070c1,2,4,3,3,3,4,5,4,5,4,2,South Africa,25,Female,Black,English
R_1dbDkxuofDTZfBO,60ed8d47a42dc5469f868b2a,5,5,4,1,5,4,5,3,3,2,2,South Africa,34,Female,Black,English
R_bqqtAozmFKhanIZ,6137dafbe514b520301ed443,3,6,6,1,2,4,5,5,4,2,1,South Africa,19,Female,Asian,English
R_2zSxCLYi6xqGAsm,617668ba30fe0e01aea3f928,3,6,6,1,1,6,4,6,4,1,1,South Africa,21,Male,Black,English
R_1MSMQ3sdps4lx2d,60603496c9a3d83273a11297,3,6,5,3,5,5,5,5,6,2,3,South Africa,28,Female,Black,English
R_3NXrg8LrH1tc2QN,60dba2d3c9b4855731ce583a,5,5,4,2,2,5,5,5,5,2,5,South Africa,32,Male,Other,Afrikaans
R_XSwAddMQibJZXax,6152fba7f508f497080bc278,1,6,6,3,5,4,3,6,5,1,5,South Africa,26,Female,Black,English
R_2b3gtS8CKFGTtsm,6155a6764b2556042551a827,1,5,5,4,1,5,4,1,1,1,1,South Africa,20,Female,Black,English
R_3JsYQYmdfn9Aa1q,6009606726f80266d809bf9a,2,5,3,3,3,4,4,5,4,4,5,South Africa,24,Male,Black,English
R_cXYkaX55gFyjmKt,616ea8a0ea5390864f11e06d,6,2,6,3,2,6,6,5,5,2,3,South Africa,21,Female,Black,English
R_31z8uR3oB4rL4mC,60d0913db036105dac42f0cc,6,5,4,2,2,5,5,5,4,4,2,South Africa,27,Male,White,Afrikaans
R_72jidGs4yCOB03f,611bc22b3ed5adb17c5852fa,2,4,4,2,2,5,6,4,4,2,4,South Africa,21,Female,Black,English
R_25Xu9CzHGjH74UZ,61688a0ab42065563b1214d6,5,6,5,6,1,6,4,4,5,1,1,South Africa,20,Female,Black,English
R_RPHiAO3hcXwjFuh,5f12ab57b896bd212d80738f,2,5,4,1,2,6,6,3,4,1,1,South Africa,31,Male,Black,English
R_1K9ZFdC33SjDn8x,614324d428b2dd34dce610a5,3,2,6,6,5,6,3,3,4,1,3,South Africa,21,Female,Black,English
R_1hRvu8KkkCZXdSq,5f61bbe3c18cc915aac68b32,5,4,6,3,5,3,4,4,4,2,2,South Africa,22,Female,Black,English
R_2zpUhPpIAsIQzuP,60d4869f07cdd6e3cc18fb5b,2,3,1,1,2,5,5,2,3,1,2,South Africa,31,Female,White,Afrikaans
R_wT5vZ3WoQuZ1TDH,616962d717541ecf23fbdf9c,2,5,5,2,2,5,4,2,2,3,2,South Africa,30,Female,Black,English
R_1o552qbDfjTyYkL,60fa9b17c5f485add54e64c8,5,5,3,1,3,3,3,2,2,2,2,South Africa,22,Female,Black,English
R_2Ck7Vw5GOfSprn1,616995e367326ae725ff9bc5,4,5,5,2,5,4,4,5,4,2,2,South Africa,34,Female,Black,English
R_2bI5yCsAd7cLec4,60f408c8685211bbaf183509,6,3,6,2,1,5,6,6,6,3,6,South Africa,21,Female,Black,English
R_2P7fG7UI7dt0rYG,615adff1a708c42439a715d9,3,6,1,1,1,6,6,4,5,1,1,South Africa,28,Female,Black,English
R_3Dvfv7xkNjaAOjH,61157d170c26d85a7eb04dfa,5,5,6,6,5,5,6,4,3,4,3,South Africa,33,Male,Black,English
R_3Pbfxh0VfpuJvJk,6160cbce61d0279a207ce980,1,2,6,2,4,6,2,2,4,2,5,South Africa,21,Female,Black,English
R_dfXAAb802f0kCkh,611d494bdf82f55dab35547c,1,4,5,1,4,6,6,5,6,2,6,South Africa,25,Female,Black,English
R_24w61uHPABbVXaw,611d349e57dcf2c34c0b0f52,5,6,6,1,4,3,4,2,2,1,1,South Africa,28,Male,Black,English
R_rovOaKY49SoPDLr,5fd6303361f8c14cb485a447,1,2,4,5,2,2,2,6,5,2,1,South Africa,27,Female,Black,English
R_2wAh7K0i4rNRjVu,60f1d99a67bc1538a6dadc94,3,5,5,4,5,3,3,3,4,2,1,South Africa,26,Female,Black,English
R_3iEePMxq6MIa3AV,611f4665b4d9519095682405,1,4,5,2,3,5,5,6,5,1,1,South Africa,22,Female,Black,English
R_271N1puC63CFqtl,6161a926743040aeeb783145,1,6,6,5,5,6,5,5,5,5,5,South Africa,23,Female,Black,English
R_RKtxdHQwjqlGvPH,60f2c02ee8fa7c36ef227544,3,4,3,1,1,5,6,3,3,2,2,South Africa,24,Male,Black,English
R_3rOPbnXIEUjCO3o,60ebda46268b3e82f52b4dfd,2,2,3,3,2,3,4,2,5,1,1,South Africa,27,Female,Black,English
R_3fDITgWnfKtjJF7,61348ef2946cbdbf17d81135,4,4,5,2,2,5,4,4,3,2,3,South Africa,24,Female,Black,English
R_32KjXHeMr3S5UtB,6166e6308c20d5b2777a0634,2,2,2,2,2,5,5,3,6,2,2,South Africa,34,Female,Black,English
R_2CEqOzbbQZP1KS0,60eae4b46c198651395d4706,6,5,5,1,3,5,4,4,4,2,1,South Africa,21,Female,Black,English
R_xrRzF7stsjg2u89,61019700e91edea68fa6e341,3,6,4,1,1,6,6,3,4,2,3,South Africa,29,Female,Asian,English
R_UzNDrOrx5D688i5,614dd477b69221b863e025af,4,6,4,1,1,5,5,5,4,1,2,South Africa,27,Female,Black,English
R_2pWex9hosw63BA6,614dbb81ea24d2da32ec141f,1,6,6,1,1,6,6,1,5,1,3,South Africa,39,Female,Black,English
R_2EAircc6RemaicB,61275ccfad65bfb85bba5789,2,5,6,1,2,6,6,3,3,1,1,South Africa,30,Female,Black,English
R_DtVfeUTgBqUBesF,60fd18cd4b7127534754a8d4,3,4,4,2,3,4,3,4,3,2,3,South Africa,21,Female,Black,English
R_3qs7fBJzoafG5Tr,60f1bbd624d5451a443130da,5,6,3,1,1,6,4,6,4,1,4,South Africa,26,Female,Asian,English
R_ebvTRDG3ATKkhm9,60eb21bd3807b3a1810ea180,1,5,6,6,4,5,5,4,4,4,1,South Africa,19,Female,Black,French
R_2Ui05Dn9NNHIHZw,615e80a2300de12db1a74cf4,6,6,1,4,5,5,1,1,1,1,1,South Africa,31,Female,Black,English
R_1lfqjFIFZlBcjn7,611ee605c4fb93d829b925ce,2,4,3,4,4,3,4,4,4,2,3,South Africa,28,Male,Black,English
R_RRJ1ZAC4UslXvJD,617043d82d04da516b29f797,3,6,6,3,4,2,3,5,4,3,3,South Africa,27,Female,Black,English
R_VPvVp3gnpf1bd2V,61715a02a3c88f5fb082a424,2,2,6,4,3,6,5,5,2,2,5,South Africa,32,Female,Black,English
R_2UYhmtaJ8fYml0a,6158ae910d69164411e21da5,1,5,6,2,1,6,6,5,6,1,1,South Africa,23,Female,Black,English
R_1KxoivjgVAabL0F,6138834a89e29de2abdc8e02,4,6,4,2,1,5,4,3,5,1,3,South Africa,22,Female,Black,English
R_2EHnCmpXEkaJkRQ,611dc53f0098557586e89b17,1,6,6,1,1,6,6,6,6,1,1,South Africa,23,Male,Black,English
R_1FOF7W4Kkp2f13i,61681f59f7bc57738bf25f26,5,5,4,1,2,5,6,3,3,2,2,South Africa,24,Male,Black,English
R_1IiutWC20yH1Xrn,60fe02e403ca7461c800b867,4,5,4,6,5,5,4,2,3,5,3,South Africa,24,Male,Black,English
R_2EpprU3iMigc5zM,6118df266b78994443b54644,3,5,4,2,2,5,5,5,3,2,3,South Africa,20,Female,Black,English
R_3PjzVEKJHyhNYvJ,60a4d771dee801a5f428e1b6,1,6,1,1,1,5,6,3,3,1,3,South Africa,21,Female,Black,English
R_pAGKlNM0T5dApCp,61505b249d64b1a011c4ca4d,2,4,4,2,1,6,5,4,4,1,4,South Africa,22,Male,Black,English
R_3hcE4XafFqw9WUk,60ebf4e13a9bb59b8eb1d822,1,4,4,4,4,5,5,6,4,1,4,South Africa,22,Female,Black,English
R_yO7YrgEgUdP67kJ,61645511546f08038b19f62c,4,3,3,3,3,3,3,3,3,3,3,South Africa,28,Male,Black,English
R_3n3p8Zt3Y7qqIcD,6131460946d0022f68082db6,1,6,6,1,1,6,6,3,6,1,6,South Africa,23,Female,Black,English
R_rdw2pF0ICZ8mylP,609193e5a0cea97bf00ac6e2,1,6,4,4,3,3,4,6,6,2,1,South Africa,22,Female,Black,English
R_2wHp2iWaZcTTodF,612f290e5bf3b566efda795a,2,6,6,1,1,6,6,5,4,3,1,South Africa,22,Female,Black,English
R_2X1ECRzXa0n3Lhu,6161a0483e75e2978afa9247,3,6,1,1,1,6,6,1,4,2,1,South Africa,26,Male,White,English
R_1d0sU0T2gXSstAt,60cb5a91bb361439df6ebb61,6,6,3,1,1,6,6,6,6,1,1,South Africa,38,Female,Black,English
R_2urJKBnQg4CPEHD,60e62d6dd5c543a69e1767d5,4,6,6,2,3,5,6,6,3,1,1,South Africa,27,Female,Black,English
R_262sVy2jlNvIXhT,61697f832062ac7ba42cff1f,2,3,6,4,2,4,4,6,5,1,3,South Africa,28,Female,Black,English
R_1BOW7grraNDZ9I3,6455c9898efbcab4a705968b,1,6,6,5,4,4,4,5,5,1,1,South Africa,21,Female,Black,English
R_3KItESF0MJqFhHs,6107292e60892e4246db7425,4,1,6,3,2,1,5,2,4,1,3,South Africa,25,Male,Black,English
R_1ikuZamACrsEyLp,612feff3dfb201345f5edc36,4,5,5,1,2,5,4,4,3,1,2,South Africa,27,Female,Black,English
R_23VrdmSuz2m1kcD,60f6acaed2336346c8997195,1,6,4,1,2,6,6,5,4,1,2,South Africa,24,Male,Black,English
R_3qjoAExd9S55aE6,614713d91262e04816c9a491,3,5,4,4,4,4,4,4,3,1,1,South Africa,30,Female,Black,English
R_27O4UkuVQhH8u8w,616e0eb1b4c6d46d802c294a,2,5,6,5,5,5,5,6,5,5,5,South Africa,23,Female,Black,Afrikaans
R_OGVGS1Mfl12lkl3,610bc158e2949bf76f127802,3,4,2,2,2,5,5,3,3,3,2,South Africa,23,Male,Black,English
R_1BS2ASbTCIuODD7,610a74f133b089eeba47e4d2,4,5,5,4,3,3,5,4,4,4,4,South Africa,31,Female,Black,English
R_a3Oy9YQ4afPNKTL,6159cdc8fc264d2ad90f90d6,3,2,6,2,3,6,5,6,2,3,2,South Africa,22,Female,White,English
R_1ooRL50H7LEFFbf,5f8038ceefbc9f02632dce3c,3,6,6,2,3,6,6,4,6,1,6,South Africa,37,Male,Black,English
R_6gwxZd2hdxATgcN,612bdb5290b04c59c0dc0e62,4,6,6,1,1,5,5,5,6,1,1,South Africa,22,Female,Black,English
R_2CpKtQztFzRIypw,616046588238e20f2586c521,4,6,5,2,1,6,6,4,6,1,1,South Africa,31,Female,White,Afrikaans
R_3s0MQ3tYOdObbEL,60ece1f744359d215975d493,3,6,5,4,4,6,4,6,5,3,4,South Africa,27,Female,Black,English
R_2zZv27ZdHAlMkjw,5e8c13d8f743d210d47ec874,3,3,2,3,3,3,4,5,4,3,3,South Africa,29,Female,Black,English
R_1kLDyx0MYIAte0v,61567f148c4094333aaa6d28,4,5,4,5,5,4,4,5,5,5,4,South Africa,27,Female,Black,English
R_Zn2c1AvkcnHwBl7,6102e17d2a31606d7e3a1049,2,1,2,2,2,6,6,5,6,1,5,South Africa,26,Female,Black,English
R_CeKlTMX8PnzHKFz,611912de5a969fac0879abe0,1,6,6,1,1,6,6,6,6,1,1,South Africa,37,Female,Black,English
R_3EXeVXhHaTB0IHF,616d67ccb4427923ca7a463d,1,1,4,2,3,4,4,3,5,1,3,South Africa,21,Female,Black,Afrikaans
R_vVSoRnkaa4TjHsR,615a28d0a19e964b2f63625c,6,6,6,1,2,3,4,3,3,2,1,South Africa,41,Female,Black,Swahili
R_PGMnxOTXGdSisN3,6135ffad024018e319264314,4,4,4,1,2,6,6,3,3,3,3,South Africa,21,Male,Mixed,English
R_30jikgXBxW4xd0G,6135dc7bbd76eac19965cbb4,1,1,2,1,1,4,5,3,4,1,4,South Africa,20,Female,Black,English
R_0OmONrNHjc6Sag9,612c95f4a142b9dc63cc45a0,6,6,4,5,5,5,5,4,4,4,4,South Africa,22,Female,Black,English
R_1qfhFJlUDTntGBx,611e6cc7465760711d61480e,2,2,5,4,3,5,4,5,6,1,1,South Africa,25,Female,Black,English
R_1Fh0fkaa1PaPExk,60fac6f0b643406f580d799d,5,6,6,4,6,6,4,6,5,1,1,South Africa,21,Female,Black,English
R_2CeUS5H1uhKtRiL,60a9455edf704176d918fbaa,2,6,3,1,2,4,3,4,6,1,2,South Africa,25,Male,Black,English
R_sRkK1nX9y649UuB,5f355b5011c1634ee64c36ac,5,4,6,3,4,5,3,2,2,1,4,South Africa,23,Female,Black,DATA_EXPIRED
R_2foJUqEbQmnF9tt,6128b55755dd29503d0d3e7a,1,2,2,1,1,6,6,4,5,1,5,South Africa,31,Female,Black,English
R_33l0Qi8xpmnDlEJ,61348ef2946cbdbf17d81135,3,5,4,5,5,5,5,5,4,3,5,South Africa,24,Female,Black,English
R_3vKAhVl2gKkpWAF,60a2be69eb4d3bcbff354d5d,1,1,1,1,1,6,6,5,6,1,1,South Africa,22,Female,Black,English
R_3qIhNEBs609OC4U,5ef25f25074e4c6d5d148456,5,6,5,6,5,2,4,6,5,1,1,South Africa,21,Male,Black,English
R_3pHuNytW4TsEQNP,61528e4039817788730f3263,1,6,5,1,1,6,6,6,6,1,1,South Africa,22,Female,Black,English
R_6DN39lBqbCnymZ3,6159ccda0f6f7807b9207e4b,5,6,6,1,1,6,6,3,6,1,1,South Africa,26,Female,White,English
R_2s1JlQh7rDJz0Z7,61191aa7231444e60bd58728,2,6,6,6,6,6,6,5,5,5,4,South Africa,22,Male,Black,English
R_1FJHvsFrfqAm9Ad,60cc72425533320442c05f8c,3,6,5,1,1,6,6,6,5,2,2,South Africa,28,Male,Black,English
R_2TYM9DnOgSkUM61,60e6fa95f0d5e55625421e9a,1,1,6,1,1,6,6,1,4,1,6,South Africa,45,Female,Black,English
R_3j0rVOtSG17xnhv,611eafa6011b0423f7d7230f,2,6,4,1,1,6,6,6,6,1,1,South Africa,20,Female,Black,English
R_2CeLVgIqiZXB3tN,5ec95924a88e734583d2d2b8,3,6,6,4,1,6,4,6,4,1,6,South Africa,22,Female,Black,English
R_1rqWv44KQdqKNiA,61570ba74c01d87fb71fb518,5,5,5,2,2,6,6,5,5,2,2,South Africa,24,Female,Black,English
R_3oI95GyyvS6oL7W,611e7d1295185bf6f56fd951,1,2,5,1,1,5,4,2,4,2,4,South Africa,25,Male,Black,Swahili
R_3ZXMONQ6fbYIgLv,613f1e266c540956a2120842,3,5,6,1,2,6,6,6,6,1,1,South Africa,20,Male,Black,English
R_do2eee170kan8el,61649acf33779deb27ade31f,3,6,6,6,6,6,1,2,1,1,1,South Africa,23,Female,Black,English
R_1d0NBChm5d7IoUj,6164805c17dc51cfdf59ca00,2,5,4,2,6,6,5,6,5,2,4,South Africa,25,Female,Black,English
R_2P5cFmduiDMQ6ly,601e49453648f62b37f1b915,3,2,6,4,5,4,4,3,5,3,5,South Africa,22,Female,Black,English
R_3OoAkyknawp65Yy,614f5f0cf892c0d443eb286e,1,6,6,1,1,6,6,3,5,1,4,South Africa,20,Male,Mixed,English
R_2ccHIQrb1as3413,60d1bf1c234f11f55bfcd276,1,6,3,1,1,6,6,6,4,1,1,South Africa,23,Female,Black,English
R_1rdZtTv4LHd6KGy,60f6dc139e58d2688fc34fee,5,5,5,5,5,3,3,4,1,2,2,South Africa,29,Female,Black,English
R_3p0jk2qYH3Xv5ZI,614dd6473c74b217ad73cc9c,1,2,3,3,2,5,4,3,4,1,3,South Africa,21,Male,Black,English
R_2dPXPBFgeebhpBv,5e4d347f9ffe1f179d1c62c0,3,6,4,2,2,4,6,2,3,1,2,South Africa,36,Male,Black,English
R_yVbZY3Gq84hHXyx,613b6b255222c19fe62f4a04,6,6,6,6,1,5,6,6,6,1,1,South Africa,21,Female,Black,English
R_sMdRaDlavjOTavf,60cb56254ffd30f5e146c649,2,5,6,1,1,6,5,4,4,2,2,South Africa,27,Female,Black,English
R_9FwHvf8SDeHZc2d,614c94c524c94bce8bc49f85,5,1,6,2,2,5,4,3,5,1,1,South Africa,21,Female,Black,English
R_3g6gQvW9Sw001QE,61685478a9bd5239a9438f66,2,6,3,1,2,6,4,5,5,1,1,South Africa,33,Female,Mixed,English
R_3GxkjAhkoSO7fqZ,610666300a278660282afd22,2,5,6,5,5,5,5,4,4,4,2,South Africa,36,Female,Black,English
R_2fdU7g4RXOnQolX,6175733727b1e3ce2d72dbe4,6,6,5,1,2,6,5,6,6,1,2,South Africa,24,Female,Black,English
R_3kddsYb8zDRmtbd,611b86fe4bd6db6f42e4afea,3,3,4,3,3,5,5,4,4,2,6,South Africa,23,Female,Black,English
R_qIYlyEDPrvcC1Hz,611e1dc7d3edcbcadda82512,1,6,1,5,3,3,3,6,4,4,2,South Africa,23,Female,Black,English
R_YWxneJbKdsMMvIt,61053334bb5ec9d6f2918ba1,2,5,6,3,2,5,4,5,5,5,2,South Africa,26,Male,Black,Other
R_27pNQ7UFy0dbPIO,61681f4ae07fb78d64af4e6d,5,6,6,1,1,6,6,2,2,2,2,South Africa,25,Female,Black,Afrikaans
R_1EiLUD83FLdu6gJ,6116a378612ec47c9335f3ed,6,6,6,6,6,6,6,6,6,6,6,South Africa,34,Male,Mixed,English
R_33k9YD2wRtbi4dw,615ac6e5216f047d73a04f63,2,3,2,3,3,5,5,2,2,2,2,South Africa,39,Female,Asian,English
R_a4TnHSVw3OSfAv7,613144aa1c9d38ec093aa426,1,5,2,2,2,4,5,4,5,1,1,South Africa,28,Female,Black,English
R_3CTtaivwO9Ksvfc,61687ebcd2a35ffb762d1928,2,5,6,1,2,4,5,3,5,4,2,South Africa,29,Female,Black,English
R_2c5RcPDk1F5QLvx,60cc4cbfd6bdf9ee88cdd2f6,4,6,5,3,1,6,5,6,3,1,1,South Africa,29,Male,Black,English
R_32YkjtfUoNGwymW,6009606726f80266d809bf9a,2,4,4,5,5,4,3,3,4,3,3,South Africa,24,Male,Black,English
R_3Gp15mz4fw3RZNW,5ee579ecd4169f2bee94041e,2,4,3,4,5,3,3,2,2,2,3,Spain,,,,
R_11gUGXOYS2dIBWh,5fd7a0a60b671a000bfefb17,3,4,4,4,4,4,4,4,3,4,4,Spain,24,Male,White,Spanish
R_2ToshYx6xIeSnM9,6096c6feba11511721fdd719,6,6,3,2,1,6,4,1,2,1,2,Spain,26,Male,White,Spanish
R_3kAGnsSxl3cBeZV,5d5a7d896c04b2001a1edff8,4,4,2,3,3,6,3,3,6,5,4,Spain,26,Female,White,Spanish
R_3m8JcTnDeYraOoi,5be975720e366e0001763237,3,5,5,2,2,4,4,4,3,3,3,Spain,28,Female,White,Spanish
R_23axZnayVLYGA15,6161d2a6b6dcc778b5b930bb,4,5,5,4,4,2,4,2,3,2,2,Spain,39,Female,White,Spanish
R_3fMCZey9CeFdt1l,61168f1b99f855bfe46cdc36,3,3,5,2,5,5,4,4,4,2,2,Spain,29,Male,White,Spanish
R_2sRr9nSYhJD17Ht,6130681762f1d26905858de5,3,5,3,2,3,5,4,3,4,2,3,Spain,29,Male,Mixed,Spanish
R_1M0wibcAPhhfO9X,5c883760e0f6e50017f0abbb,1,5,5,3,3,4,4,4,3,3,3,Spain,34,Male,White,Spanish
R_11YDo8rzhXT1Gn4,5f109159ee94250bfdf3a87c,1,6,6,1,1,6,6,6,6,1,1,Spain,21,Male,White,Spanish
R_AjIjFFhN51G84CZ,612cd9f34adcee82f65685a1,1,4,5,4,4,5,4,5,5,1,1,Spain,24,Female,White,Spanish
R_3eyKUHc4sAddJ4v,60f9e5fdb753010b9fff46e3,5,5,5,4,2,4,4,4,4,3,5,Spain,24,Female,White,Spanish
R_6RmeVbSdd4DeIY9,612e2e8c2f49ad120e6400bb,3,5,6,5,6,3,4,4,5,4,3,Spain,19,Female,Mixed,Spanish
R_XpPwaxh13BUQM9j,5d24cdafc8e8b700168c24c3,3,4,4,2,4,3,4,2,3,3,2,Spain,28,Female,White,Spanish
R_XRtn8gREPBkC3dv,606c2aafcb6f876f95178012,2,4,4,5,6,2,3,4,3,4,4,Spain,21,Male,Asian,Chinese
R_3ewU54ArFDAebds,611b020a02b71672a86c5a9d,4,4,5,2,2,5,4,6,6,1,1,Spain,20,Female,White,Spanish
R_1InOrV5YnnqxEPN,60df30c4e945892dc94a626c,4,4,4,2,2,4,3,3,4,2,2,Spain,20,Male,White,Spanish
R_3et3mrv0b5CuITO,613a4c107aa06a1c3d00b6c2,5,3,5,4,4,3,3,3,2,3,2,Spain,19,Male,White,Spanish
R_2VpRv9zQt1invmp,5f296fc516fd7806914948f8,2,3,6,1,2,4,4,5,5,1,1,Spain,21,Female,White,Spanish
R_294T697m4iIVrUE,5f797a88a661c75783fb2ec8,3,2,3,1,2,3,4,2,2,1,2,Spain,23,Female,White,Spanish
R_3GxNYqhktSLNpSy,5db9af1d515b5e01756f55b8,2,3,6,5,5,3,3,5,5,2,2,Spain,35,Female,White,Spanish
R_2xJB5Ouxmmjjh5v,5f3c8a006375d854f90d73a7,2,3,3,3,3,4,4,4,4,3,3,Spain,21,Male,White,Spanish
R_1LcK8w8VzsoOZd2,5fe93b6dad8fba884beb4035,4,6,5,1,3,2,5,2,2,2,2,Spain,31,Male,White,Spanish
R_3JDYpW6esm4McAK,5ed02ffb8090240f93ab74ad,6,4,4,3,1,3,4,3,2,3,1,Spain,23,Female,White,Spanish
R_1FFkGpAvdUdNbOx,5d936374253d0a0017f32d96,5,5,5,2,2,3,5,4,4,2,2,Spain,23,Male,White,Spanish
R_ZfAK84ApwtavOhj,61462f791eb4fbf23ec1d583,2,4,3,5,2,5,5,5,5,1,1,Spain,19,Male,White,Spanish
R_3sp70WP4pNxqxnk,5ef658dc548fce12fda46af8,4,5,5,2,2,5,5,2,3,2,2,Spain,25,Male,White,Spanish
R_Wx1NlTHpr1wgRcB,6112cf0b9c1cf4219c5c2675,5,5,5,1,1,4,4,3,4,2,1,Spain,24,Female,White,Spanish
R_25SL1sUMQKNZJCh,610a52647a452dee7ca89360,3,5,3,2,2,4,5,3,3,3,4,Spain,25,Male,White,Spanish
R_9nv1jVx26QM9Flf,5c3377fb04f29e0001104681,4,3,3,6,6,1,1,4,4,2,2,Spain,31,Male,White,Spanish
R_1gnLsO7goabbwu9,5f1ff8108900cb0260483464,4,4,5,2,2,5,5,4,4,3,3,Spain,27,Female,White,Spanish
R_1CDYQVLW0HGY6yo,5cd07e08db3fce00135afd9c,4,5,3,4,4,4,4,5,5,2,1,Spain,25,Male,White,Spanish
R_1f3LYws478yqFla,60c527b7f1813f17cdc6eabe,2,5,5,3,5,3,4,4,5,1,1,Spain,21,Female,White,Spanish
R_2zSxG3nMq0gLUAI,5dc16474a0910f0cd0b882f1,6,4,6,2,1,2,4,5,5,2,2,Spain,22,Male,White,Spanish
R_W0qHOQXU2jOwlAR,5cfd71d93147190001d37942,4,2,6,2,2,4,4,3,3,1,1,Spain,24,Female,White,Catalan
R_d4G1kj3uOS3xV73,5b603c0eca4ecc0001dae57e,4,4,5,3,3,3,3,4,4,2,3,Spain,34,Female,White,Spanish
R_2xV1yq6FSErHF6P,6009b7359e9b700008905dfa,1,6,5,5,5,2,6,3,4,3,2,Spain,43,Male,White,English
R_3jfGqjoLcyaVRE7,61016d592121d0e661dafd09,5,5,5,4,6,4,4,5,5,5,2,Spain,24,Female,Asian,Spanish
R_1guRZIb91y8ZgfA,5cfaab352e080000016ec742,2,5,2,3,3,3,3,5,4,2,2,Spain,39,Male,Mixed,Spanish
R_30wQj6OAKohxTQP,60990d6ddcf283738eca283a,3,3,5,3,3,4,3,3,4,3,2,Spain,21,Male,White,Catalan
R_1DwlIGlK0J2TYQW,60984a1b0cce76d16c4ca781,3,4,4,3,4,3,4,3,3,3,3,Spain,33,Female,White,Spanish
R_BSymsisVBv2AfXr,5fb7edfce2252543532a25e5,1,2,4,1,1,6,5,3,3,3,3,Spain,28,Female,White,Spanish
R_2Vfjgizbv5ESBYv,61179594947c97dca4385895,4,5,5,1,1,6,5,4,4,2,2,Spain,21,Female,White,Spanish
R_3FJw4pbTpGOPmvj,5f68aeffccea510008fc595d,4,6,4,2,1,6,6,3,4,1,2,Spain,21,Female,White,Dutch
R_1KeE1FawVSathiS,5b755869d5d7a80001b45a1e,4,4,5,3,3,4,4,4,3,3,4,Spain,26,Female,White,Catalan
R_2R4zEnhnbioeOho,5b856893600e3a0001948bc2,2,5,5,2,2,5,5,3,3,3,2,Spain,26,Female,White,Spanish
R_2aULswtXoEoGHtn,5da21ef67284fa0010e1e11e,2,4,5,4,5,4,5,3,5,5,4,Spain,28,Male,White,Spanish
R_1mW40svSf4IFjlS,5fb82391deee664d65945bd8,2,4,5,5,4,4,3,4,4,4,4,Spain,23,Male,White,Spanish
R_1CwGoCOOBc4lF0X,5daec9633990ed0014564662,3,4,3,4,6,5,4,4,4,5,4,Spain,29,Female,White,Spanish
R_3LYcdTGmRYy7JU9,59e75bef3e4b5a00016aa4e3,4,4,5,3,3,4,4,3,3,3,2,Spain,26,Female,White,Spanish
R_3sBbD1CEGGmwq8T,5e4c3b4c67928808dcaa3bbe,3,6,6,1,1,6,6,2,3,4,3,Spain,24,Male,White,Spanish
R_1fefB21EWQ9Rlua,5f6ce3aa36f6181177e93f0f,5,5,4,1,1,6,6,5,5,2,2,Spain,23,Female,White,Spanish
R_10Ct2ytOESJoQXV,5f7847b72df454025ce1e595,4,4,5,2,2,4,4,4,4,2,2,Spain,21,Male,White,Spanish
R_1IsCMgK5E5I8wJe,5fd3bf35878f03094b8e175d,3,4,4,2,2,5,5,2,4,2,2,Spain,26,Male,White,Spanish
R_3HZDnoUFeSL9OdD,5d23519cd7533000017a4556,4,4,4,2,2,4,4,4,3,2,3,Spain,36,Female,White,Spanish
R_3MyXUxtLNxzDVqR,615b622cad37e6586f139c40,5,5,2,5,3,4,2,1,5,1,1,Spain,34,Male,White,Spanish
R_ab2FVu79tbYK0s9,5da22d40497c8c00163694a1,3,6,5,1,2,5,5,4,6,2,1,Spain,23,Female,White,Spanish
R_10pzpawqT5xoPeQ,60d20bb9c215d541261e7b06,2,5,5,4,5,4,2,2,3,2,3,Spain,24,Female,White,Spanish
R_w5HJcemk4YW1kcN,614105f69b6b550669f77400,2,3,4,4,4,3,3,4,3,4,4,Spain,19,Male,Mixed,Spanish
R_YVWXSoxR7xZ3JsJ,5f86bf12aa701b000aa2deb1,6,6,6,4,2,4,4,3,3,3,3,Spain,29,Male,White,Spanish
R_1imytJsmHC8VfVH,6169358ee305b4ff889ffebb,3,3,6,2,2,6,5,3,3,3,3,Spain,22,Male,White,Spanish
R_3EZ3oblmBK12vPz,608abd514dc55c9ffb6ede08,3,2,3,1,3,4,4,3,3,2,4,Spain,26,Female,White,Spanish
R_2eRpUEOwB6Yk7fQ,610af163338ebe0cb91d1cee,3,4,4,3,3,4,3,2,2,2,2,Spain,21,Female,White,Spanish
R_1kYpfrs4yoT3PSc,5f9f3c238882e457f03f19e9,4,2,4,4,3,3,4,4,4,5,5,Spain,22,Female,White,Spanish
R_1CvAYOMpUtCwwKl,611c09b565e80a53fe7632f5,3,4,2,1,1,6,6,5,3,4,4,Spain,20,Female,White,Spanish
R_24dxWf054mYQihe,601574b93eee9a631a2c0ef6,5,4,5,3,2,5,4,3,4,3,3,Spain,22,Male,White,Spanish
R_YYz4bitCMbW5gSl,61426b5186c4b23f78298974,4,2,6,4,4,4,4,6,4,3,1,Spain,20,Male,White,Spanish
R_Q3ndbs593AeVVUR,5c7312827ed3a70001fc2438,2,5,1,1,2,6,5,5,4,3,2,Spain,25,Male,White,Spanish
R_1207exdAYCBqNwN,5ecaa03045d07e0767b5d61e,5,5,5,1,1,5,6,2,3,2,2,Spain,22,Male,White,Spanish
R_1DCILdsBJ2KrqiW,6129429473f164c90c476660,4,3,4,2,3,3,4,3,3,4,4,Spain,54,Female,White,Spanish
R_1PTLD7irVGoy1fO,5e8a12643dabf46bde0e9cf2,3,2,5,1,2,5,6,4,4,1,1,Spain,24,Female,White,Spanish
R_3ha09Xojz04a7mf,61485d798b28686872fb9c7b,1,6,4,1,1,6,6,6,6,1,1,Spain,29,Female,White,Spanish
R_2qt6dgkjA3g17cv,5eb3e7d2d98e751cd2b2cd08,1,2,3,5,5,2,3,2,3,2,4,Spain,21,Male,White,Spanish
R_2A0iIJ7X3CIo43H,5f808f2a2c770e0cd61f624f,3,4,5,2,3,5,4,4,3,2,3,Spain,21,Female,White,Spanish
R_Uiuwo9stq9hiec1,5edc142778c9e80e1a77a689,6,6,6,1,1,6,2,1,2,1,1,Spain,25,Female,White,Spanish
R_2trKwPWyp2Fqr3Q,604e2e30b9ef1f91e2e6a67a,2,3,4,1,3,5,6,4,4,4,4,Spain,31,Male,White,Spanish
R_vN4GIl4XGnezkdz,606e2ea0c4bd646aee2f2d7f,6,4,6,2,4,2,2,3,3,3,3,Spain,23,Female,White,Spanish
R_cXTBGRtPbHJnlKh,6124e437f703fa3b2e1ee8f6,3,2,6,2,2,4,4,2,5,6,6,Spain,19,Female,White,Spanish
R_1n6gk8iOuZ3LoC7,5e789ea35952c941b4e2b4f4,1,4,2,5,5,1,2,2,4,3,2,Spain,21,Female,White,Spanish
R_2ASRzPGdkDTfq4i,5caf007166343e0001786290,4,5,5,2,3,4,4,2,3,3,5,Spain,25,Male,White,Spanish
R_27PfHtj7ElEbRp7,60fef367d2fda48937e87a76,3,4,5,3,4,2,3,3,4,3,3,Spain,26,Female,White,Spanish
R_3hF2w9We2zKtLrn,609cee0941c579d23a1b8b6b,5,6,5,2,2,5,4,2,3,3,4,Spain,23,Female,White,Spanish
R_2rUCsLZEXuThmLd,603bd4a59450778e3c075ea5,3,2,3,2,3,5,5,3,4,2,2,Spain,22,Female,White,Spanish
R_3snNGqFb9TW5XkE,6163f49098ee20601873284b,4,4,3,1,2,4,5,4,5,2,2,Spain,24,Male,White,Spanish
R_OJ5XwF6U9CLst69,5dc9ef9a5d81cd71153f8f70,1,6,3,1,1,6,6,3,4,1,1,Spain,23,Female,White,Spanish
R_poMo8ljIprD3oJ3,5e5c40b5651391430a31975b,2,6,5,2,2,6,5,1,2,5,2,Spain,32,Female,Mixed,Spanish
R_3qE6hNu6ynh1utu,5f463baa386aec000a8892bc,6,6,6,1,2,4,6,2,2,2,2,Spain,33,Female,White,Spanish
R_1j7aTvK8kT3DFhn,5ec9601a2a5cfa07d72dc1d4,1,1,4,5,4,4,4,1,3,4,4,Spain,21,Female,Asian,Catalan
R_3qU0If6w5ZcXTk8,60fd15af8e3a5fdfb80a8952,1,1,4,2,3,4,4,4,4,3,5,Spain,22,Female,Mixed,Spanish
R_2chZQiaNf2xZNHv,60b61e6ee3a90399d7fafbee,5,5,4,4,3,5,4,4,4,2,2,Spain,21,Male,White,Spanish
R_2CmhusAsEcttaXv,602157bde0dc220d5172cb4a,6,3,5,2,3,3,4,3,3,3,2,Spain,28,Female,White,Spanish
R_3Pt75FPgXYkyxQa,5ec820590b73c12da95650a7,5,6,6,4,4,4,4,4,3,4,2,Spain,22,Female,White,Spanish
R_2EsdIa3flmyQB92,614df143fea0b126e2c530ef,5,5,4,2,2,4,5,4,4,1,1,Spain,22,Female,White,Spanish
R_2AHcEvg2CawMR22,6151a2423bd09793ef616ac3,2,4,3,1,4,5,3,2,6,3,3,Spain,30,Male,Mixed,Spanish
R_1mEML9KxLFnzhCi,5ca4d6cfa9d09600142ea4c8,1,6,3,1,1,5,4,5,5,2,3,Spain,22,Female,White,Spanish
R_3p4LguQvi3yZcP3,5b523ac0b3c9400001f219b3,3,6,2,4,4,3,3,4,5,1,1,Spain,39,Female,White,Spanish
R_2ZJ1WeOeEwkrmzP,5db954a2af32f6000a8fe36c,3,3,5,2,4,4,5,6,3,2,4,Spain,24,Female,White,Spanish
R_Y01ey7Ra2BWmfyV,5c840aedbad8fb000106cb44,2,2,4,3,5,2,4,4,4,2,2,Spain,24,Male,White,Spanish
R_2RagNaKUlyy1pkO,5ed65f6fb663bd05d5a5830f,4,4,4,5,2,5,4,4,4,2,2,Spain,21,Male,White,Spanish
R_3EhGQyUCWnrS63s,5a0cca1f0fff620001a6c8a1,1,3,4,1,1,5,5,2,4,1,2,Spain,29,Male,White,Spanish
R_2aOAAPZmmfnrk0D,61009f79255ec5a9fbe5e23d,1,5,6,1,4,4,4,5,4,2,3,Spain,21,Female,Mixed,Spanish
R_24bLSLjPrOGc6pf,60490dc39ce4d6157e1db834,2,1,1,4,5,2,2,3,4,4,5,Spain,25,Female,White,Spanish
R_yL9lpnONEHDkQUN,5f1219fec1ac14141d488e49,4,5,3,1,2,5,5,2,4,3,2,Spain,40,Female,White,Spanish
R_R9ulZQX9D2zbbPz,610d91fb481741bc2c13fef2,1,1,1,3,3,4,4,2,2,2,2,Spain,21,Female,Mixed,Spanish
R_1OGK5FpgsenMvBl,5ec81ba6c71d2b0f9add5de5,2,4,4,4,4,4,5,4,4,4,5,Spain,22,Female,White,Spanish
R_330ZhnZir4uPjg3,60471442bdc81018fffbcfb7,1,4,5,3,2,4,6,3,6,2,2,Spain,29,Male,White,Spanish
R_2TFbsqC7KnPlTVQ,614e00c5bd6342414b333a8b,4,5,5,4,4,4,4,3,5,3,2,Spain,22,Female,White,Spanish
R_2SCwnwNyxKPVcVA,613e4bf960ca68f8de00e5e7,4,5,4,3,5,2,3,4,4,3,3,Spain,20,Female,White,Spanish
R_3MGwsNDHn6ew3Vy,60f364780342181eb49b70d7,1,1,1,5,4,3,3,4,4,2,2,Spain,20,Female,White,Spanish
R_3dQ9oug8ieOkEJ2,60e9d4943d2e1bc7dae4e430,1,3,4,2,4,5,3,5,4,4,3,Spain,22,Female,White,Spanish
R_1ia2aQ42z47xow8,5f4f04a11671f8157c1e4a06,5,2,4,3,2,5,3,2,4,4,2,Spain,20,Female,White,Spanish
R_3PDdBqOfwQ7pcUp,60521007516b6849e8a93614,4,4,4,3,3,4,5,4,3,4,3,Spain,33,Male,White,Spanish
R_1IoMdTeYVJfNLOp,60f7fdebceb04c48c3eb0024,2,3,3,2,2,5,4,3,3,3,2,Spain,21,Prefer not to say,White,Spanish
R_xyHXonZB3tzn2ql,5e13814a1e2e589ca3a4aec2,3,5,3,4,5,3,3,3,2,5,5,Spain,33,Male,White,Spanish
R_wYkAJijeQAiOLQt,6128cecf0227785e527007c6,2,4,3,4,4,3,3,3,3,4,4,Spain,23,Male,White,Spanish
R_27CH2qP4not0JBq,610bc299e1e304d3445dc5bf,2,2,6,2,2,4,4,1,2,3,4,Spain,21,Female,White,Spanish
R_2bPNGSAYKP6LnFz,5c058987b3ea3800017ad779,2,6,6,2,2,5,3,1,4,1,1,Spain,25,Female,White,Spanish
R_2R9xE39SSCq1ZNy,5bf300a7ac0f0d000180a247,1,4,4,2,1,6,6,5,6,2,6,Spain,30,Female,White,Spanish
R_b2hkA0GvnGdpNbb,60fe8a71a73b26da31d2ae3d,2,4,6,4,5,3,2,2,3,2,2,Spain,23,Female,White,Russian
R_1jDMspD7jiHElCX,5cb863ccebd17d0016e7f4f1,5,4,5,2,3,4,5,3,5,2,3,Spain,23,Male,White,Spanish
R_3knA7psh5QPyKG8,5c9cc12096cb340017b7321f,2,4,2,4,4,3,3,4,4,2,4,Spain,37,Male,White,Spanish
R_2PimWXPV9IzAMai,61115444d74268e4ab29d632,3,3,5,4,3,3,3,2,2,2,1,Spain,21,Female,White,Spanish
R_2VkVARWMWYa4vmB,5d0ce65611f9b50015c4ae74,1,1,4,6,6,1,1,1,4,1,1,Spain,22,Male,White,Spanish
R_1eLZdZP1iVs1A7f,60fd945c307626b8b4d4e4dc,4,4,5,5,5,2,2,2,2,5,4,Spain,24,Female,White,Catalan
R_3qjMiZVizTbmhRV,601410b50be393350ee795c4,3,3,4,3,3,4,4,3,2,2,4,Spain,22,Male,White,Spanish
R_3UG5DG83fD21weB,60fd9335a6a1d7e32624d5e4,1,4,4,1,2,5,3,1,4,3,3,Spain,23,Female,White,Spanish
R_1rPSyqhfRBJgEIF,5f7a102a52556c6551a9173e,2,5,5,5,1,5,6,4,4,3,4,Spain,22,Male,White,Spanish
R_279weeNaqPYBP7m,60fcb91455492a2fa9e7b304,1,5,4,3,2,3,3,1,3,2,4,Spain,21,Female,White,Catalan
R_9ZSe2MPOXLjSwvv,5eaeb8b513f83a57d35db285,5,6,2,2,2,6,6,5,5,1,1,Spain,33,Male,White,Spanish
R_b4lSkQSm8uj3LLb,60e635a7f60d7042bcd17169,2,6,2,4,4,4,3,4,4,3,4,Spain,29,Female,White,Spanish
R_50iqcw7l5D6VRWF,60990c861b856e3f6988306e,5,5,5,6,4,1,1,3,2,4,5,Spain,29,Male,White,Spanish
R_2v65wAjMBdDNlmb,605e4eed26a1811b496c9005,6,4,6,1,2,4,5,3,4,1,1,Spain,20,Female,White,Spanish
R_1oGvY5EU6MueadT,60e635a7f60d7042bcd17169,3,3,3,3,4,4,4,4,4,4,3,Spain,29,Female,White,Spanish
R_3j3cHYT5JvredKm,6022bc7c4fb49005b76d9114,4,4,4,3,3,4,3,2,3,1,2,Spain,20,Male,White,Catalan
R_2zpR4zf1TNoJ7uE,5e3182adf6bb2315a48da619,2,3,4,2,3,4,3,2,3,2,2,Spain,23,Male,White,Spanish
R_RLddZQRcKgEAfTj,5f738de5cd78b40e58fb464b,3,4,5,3,3,4,4,3,4,2,2,Spain,22,Male,White,Spanish
R_33dJk4eKpyydo0r,60a927faf3770b9fa5c5a341,2,4,5,1,2,2,4,3,3,3,4,Spain,23,Female,White,Spanish
R_1o773OJ00Hnn3vE,595fdc1eb69238000141784e,3,5,4,2,2,4,4,4,3,3,3,UK,,,,
R_1CIV4qT2ckodCb2,5e950a4aef32a3375999451e,5,4,3,2,4,3,4,2,3,2,2,UK,42,Female,White,English
R_3PRFLQ9OrIgRmnV,613fa3f65984b16169ccb151,6,5,5,3,3,2,2,1,5,2,1,UK,24,Male,White,English
R_2xLaZUmMM6IaX0v,63d13b71cde8f0843d3dddec,3,5,4,1,1,5,5,4,5,3,2,UK,29,Female,White,English
R_3MRaxwLm1ZQEVnG,60369ae814f750ef3d063c3e,5,6,3,3,5,4,3,5,5,1,2,UK,43,Female,White,English
R_8B3sVbSfH4V8vNn,5d91d281412c0300cb50e7ee,5,4,5,2,2,5,5,4,3,2,2,UK,32,Female,White,English
R_DnLvkdY12fWIgRb,55f0147fb9401300137f472d,5,4,5,2,2,4,3,4,4,1,2,UK,33,Female,White,English
R_2fDMbi0n6v2SrqF,62d13535355730e56a672306,3,3,6,3,2,5,4,5,4,2,3,UK,22,Male,Asian,Chinese
R_33m98x6YliQUbvG,5fad2005789cda3a26bfd0d1,1,5,4,2,2,5,4,3,4,2,1,UK,34,Male,White,English
R_2aVJoq8iKM9ntQC,6408a0beab86c9fdf454861f,3,3,6,4,4,4,4,4,4,1,2,UK,18,Male,White,English
R_u20Njd36rBNmVcR,62aa28ca74cb730591b5bd45,2,2,1,2,2,3,5,4,4,2,1,UK,29,Female,White,English
R_247cm4WPjO25xPn,61030ea0fd598c32549577b8,1,6,2,4,4,3,3,2,2,2,1,UK,40,Male,White,English
R_3lKYqLawSTPzsCB,640101dcd9830bcd10cfdfcc,2,5,2,2,2,4,4,2,6,1,1,UK,20,Male,White,English
R_xcuPm94O90C6bbX,613b326d36221fa8c02b863f,2,6,5,4,4,4,4,4,5,2,5,UK,36,Female,White,English
R_1IyLoz2FgL8zB9i,634e5e65098e5d120efa7ec7,3,3,2,3,3,4,4,3,4,2,2,UK,32,Male,Asian,English
R_23V9G2a5LwsKvZY,5dd545f345fb054f401a2b49,5,2,5,3,4,4,4,3,3,1,3,UK,39,Male,White,English
R_1I73oTzmYDpdT9M,5ad0c8fd4d061300011b07e4,3,4,5,4,4,4,5,4,4,4,4,UK,34,Female,Black,English
R_3RekpTo0GBchJN9,6053af645a4c66eac9bb2c2b,2,4,5,1,1,6,6,4,5,1,3,UK,22,Male,Asian,Tagalog-Filipino
R_2Cs4U3C2Zq3kjLq,5b9fa25e7b196f000195fd78,3,4,3,4,4,3,3,5,5,2,2,UK,39,Male,White,English
R_2EiV8b42DxD8cGI,5f6833b7b51c0018fc7937e0,3,5,3,3,5,5,3,5,4,4,4,UK,20,Female,Black,English
R_3fTuJotYfNEyOBL,63e5393644d2b9d355fc6692,5,6,5,2,2,5,5,5,3,2,2,UK,26,Male,White,English
R_bILx4L44TBxbpOF,614f34b7af84fc40f6df42c3,4,4,2,1,1,6,5,1,4,2,2,UK,44,Female,White,English
R_r0k2e0dIRBOF105,62ea8151fcae086558310afd,4,3,4,3,4,3,4,2,5,4,4,UK,39,Male,Mixed,English
R_RWdjn2VQmWih6iR,5fd796b61780590ef7f9fec8,2,3,4,3,4,3,2,2,5,2,2,UK,30,Female,White,English
R_D1bKZtQxMSCGtGh,58fd0de6d66f6400016dc0fd,1,4,3,3,3,4,4,3,4,3,4,UK,45,Male,White,English
R_3hovxOuTX8CIDWu,63ee2b3e907b34680e9072b3,3,5,6,2,2,5,5,3,3,1,2,UK,19,Male,White,English
R_2tKb6u1DuztNnJT,5b72d8042aeef10001972da0,4,3,5,3,3,4,3,4,2,4,3,UK,29,Female,White,English
R_3fZTB2VnnrbWuh2,5c7bc8ea5a669300172440fc,2,5,4,3,3,3,3,3,3,4,3,UK,40,Female,White,English
R_2a8jMODG09Hfpdh,5bfbf9b5d888320001435109,2,6,4,5,4,2,2,3,4,3,2,UK,47,Female,White,English
R_1NwJe6Ae7KcgTyF,62b5f335abb80881526ead80,3,6,3,1,2,6,6,4,6,4,1,UK,33,Male,White,English
R_22DeoJU5wNT1EfS,64537ca426cd8c9d593632d8,3,4,4,3,5,4,5,3,5,4,4,UK,19,Male,Asian,English
R_AiFEeSe5tDY5Fux,5e3d33b27525e7117bd31778,1,3,1,2,2,2,4,4,4,1,1,UK,51,Female,White,English
R_31d42dfg2UDytwj,6401cfd62ed32f264cde051b,2,3,1,3,2,4,3,2,4,5,4,UK,21,Female,White,English
R_1FmRoLDg5YWPKXa,606e5ac1683fa9a4afb72a0d,5,5,5,2,3,5,2,4,5,1,2,UK,25,Male,Black,English
R_2xVi7VKe85cc7TX,5e14c068ed1b3b000cf0e3c7,1,5,1,2,3,4,4,4,5,5,6,UK,52,Female,White,English
R_3gLDA0OBkipJWoM,60dddafcba71ad145265250d,2,3,3,5,5,2,2,3,3,3,2,UK,21,Female,White,English
R_1MSBjKgI8WB1LdI,6110f9fd3a01425bd66a1251,4,6,1,1,1,6,6,5,5,2,1,UK,35,Female,White,English
R_1dAGhNOUgR9GJW1,617050ef896173e5552a21e3,3,4,1,4,5,3,3,4,5,5,6,UK,25,Female,White,English
R_1IcLqQ96BqmclMG,63ee7fdc7353888045333f01,2,4,2,3,4,3,2,5,5,1,2,UK,18,Male,White,English
R_1ImzHbzirJO0AXt,5a402a0258be2b0001983b5e,3,2,3,5,5,2,2,3,3,3,2,UK,49,Female,White,English
R_yCIAQ4qtmNoXqDv,55d0e4d334e9060005e574c7,3,6,4,3,4,4,5,3,2,2,4,UK,32,Female,Black,English
R_3p3Wzx4rUgq3jYp,5e9375259c9687000b26ec11,3,5,3,3,2,3,4,3,3,3,3,UK,34,Female,White,English
R_1pmv6D4ziJ3OGZZ,6161a61d0e5eb8002bed18e0,3,6,4,3,5,3,4,2,3,2,2,UK,22,Female,White,English
R_2whvDImnPbaMIuP,62dbf5493cd1464e983e0e22,1,1,1,6,6,2,2,5,4,3,1,UK,19,Male,White,English
R_UgLpUfcLnTydI2Z,63cfff24ff982236dc481d96,3,4,3,4,4,2,4,4,4,3,3,UK,21,Male,White,English
R_qJb10NwBjtD20XT,64031c6290a925cdc82556b2,2,5,3,2,5,2,4,4,4,1,1,UK,57,Male,White,English
R_3kmNyaGmZZVnwPD,602ced6a2e76d062f841cd20,2,4,4,2,2,4,4,4,4,3,2,UK,37,Male,White,English
R_xy0H28ouQVSqZ0t,5b758751c2d520000165ba87,3,3,4,2,2,4,4,2,3,3,2,UK,27,Female,White,English
R_9HaEXZpL4dX5USB,5fa67f9f6751052aa99a6d56,2,3,3,3,3,4,4,3,4,2,2,UK,38,Male,White,English
R_2hOVfkCphJENeBX,5cd8129d6834a6000146c08b,1,4,6,1,1,6,4,3,5,1,4,UK,24,Female,White,English
R_26o6MG0CsfUUt5p,62e40f052692a97d01e49ec1,3,6,6,1,2,5,6,5,6,1,1,UK,22,Male,White,English
R_2uHZ9BCg47KIo9i,5cc310bef457fc0013d42743,5,5,5,3,3,4,4,3,3,1,1,UK,34,Male,White,English
R_11ZSlkqByLH2JEZ,60de4cc94dfda4d9e1948e6d,1,2,2,2,3,4,4,6,4,2,4,UK,20,Female,White,English
R_2q1LHHXKTxgsDeB,5e787106a9d3b53ee4281eb1,2,5,1,4,5,4,2,3,3,2,2,UK,21,Female,White,English
R_2P5o2xImNN6Q0iB,63e51e9a9457c003c4d44c9e,2,5,5,2,2,6,6,6,6,2,1,UK,33,Female,Asian,English
R_31uQmRVOOnKffwY,63d8267294c685a091016df0,4,3,5,3,3,3,3,3,4,2,3,UK,25,Male,White,English
R_2wTDEyWqN79hJaz,6447b436f5457e2d734ddc86,3,4,6,1,4,4,3,3,4,4,2,UK,19,Male,White,English
R_2xL6RCqD6iIGqwx,5d4acda94051af001a482c76,5,4,5,4,4,4,4,4,5,4,4,UK,34,Female,White,English
R_2pMEMSF6ry1wFDu,5c5d7104a451e80001ddb30b,1,1,2,3,4,1,2,6,6,2,2,UK,23,Female,White,English
R_yEBTMgtqGJHOAJb,62da92a05e6ca94d1d778e03,3,4,4,3,3,3,3,3,4,3,3,UK,39,Male,Asian,English
R_325F2u10awkVeuC,63469143e387d7c210f0e832,1,2,2,2,2,4,4,5,5,2,2,UK,20,Male,White,English
R_2s6EgovC0qD3vEk,59cce7e1f7b7a00001197f4c,6,5,6,4,3,3,4,4,4,3,3,UK,26,Female,White,English
R_1rk4Vbus54FDV0a,5c675914a70f0f0001605ed6,1,1,1,3,3,4,4,3,4,3,4,UK,31,Female,White,English
R_2yftzjts4ubMo6R,612288fe5afea1bf6b8a197e,6,6,6,4,2,4,4,4,2,1,2,UK,28,Female,White,English
R_2wmogMfqTczGj05,5976052c435a750001158dac,2,3,3,4,2,4,3,3,4,3,4,UK,43,Female,White,English
R_AarUicb1sbTg01P,5f1e094381d5f10ebfd26104,1,6,5,5,3,4,3,6,6,1,2,UK,21,Male,White,English
R_24Mcj3oo6BPVRtd,64413259f5cc9c8d4f2500c7,3,2,5,1,2,4,5,4,4,2,1,UK,21,Male,White,English
R_2XnQzGXobar8TiV,5c921106b788a2000170709f,6,5,1,4,4,3,2,4,2,3,3,UK,41,Male,White,English
R_71lOI8bD1XUBcn7,5aeaee620ef2f20001859359,1,1,1,1,1,6,6,3,2,1,1,UK,30,Female,White,English
R_UheMvTbR9pIbNbb,5f3b14845efc2180b7600665,3,4,3,2,2,4,5,3,5,3,2,UK,21,Female,White,English
R_3s1hoSrSXqpfEVW,6156269561439e9eda41a5bd,5,4,5,1,1,5,6,5,5,2,3,UK,24,Female,White,English
R_vogMdHbczqNxV8B,5d7d581fcafd6f00171566b6,2,4,2,1,1,4,6,2,4,1,2,UK,22,Female,White,English
R_3MzcmC2EfN4Lew9,631a006f3e8cc9acfb0824a0,5,4,4,2,2,5,4,4,4,2,3,UK,22,Male,White,English
R_XTHR2dKgucuieNr,5a46d551b77a5000014a8ce9,6,6,6,1,2,1,6,6,3,2,2,UK,25,Female,White,English
R_1eV2rYW8fAmc89l,62b0567cdc9d1b36d234a319,6,6,2,1,1,5,5,4,6,1,2,UK,33,Female,White,English
R_31aN2jk91HcA6l9,5eff6065cc8d32014292657f,3,3,3,3,3,3,4,2,3,4,4,UK,35,Female,White,English
R_1C8FSi9eOttoLum,614b1326464ee40057cf9ad2,1,3,4,5,6,1,1,3,3,3,6,UK,25,Female,White,English
R_24uUL14mLVD70oZ,5ccb36a8d01bf6001815792a,2,5,1,2,3,4,2,5,5,2,2,UK,22,Female,White,English
R_2R8P2IAcYiOMPXJ,6440587522f6abff9a35b21c,2,6,6,5,4,5,5,4,5,5,5,UK,40,Male,White,English
R_5nVGcQHOn05ve4V,64404c74c0bc450efd484305,4,1,5,2,4,3,3,4,3,1,1,UK,21,Male,White,English
R_12Ry1H6wbXUrTow,5f1ef6cd5391ec0638385f38,2,4,2,3,3,4,4,4,4,3,2,UK,38,Female,White,English
R_2OJB5zywkc4o5LR,5b76febccee87f0001f989ac,3,2,5,2,3,5,4,3,3,2,3,UK,29,Female,White,English
R_1jwusSyHDdikJGm,60eda0b5e8f579f6a73d0f6b,4,4,3,1,2,1,6,5,4,2,1,UK,22,Male,Asian,English
R_2P0FEInQk9mDPxa,614ae1ff6ce7323ce438fe37,1,3,1,1,1,6,5,4,4,2,4,UK,30,Female,White,English
R_22nw14tGdrG6GbG,62fb866878f5bf58944e827d,3,5,4,2,2,4,5,4,5,2,3,UK,25,Female,White,English
R_DeLCyTuY6V90a1H,63f7b71917de2d8c5dfd92ff,2,4,6,2,2,4,5,6,6,1,2,UK,18,Male,White,English
R_3P7UzY69Bo0xoVn,5d5a8cbeeb68e00018d85fb7,2,2,1,4,5,2,2,4,4,1,2,UK,25,Female,White,English
R_3M08PwJsGG35JVr,5d352f8bb02857001963539a,3,2,5,3,3,3,4,1,3,4,4,UK,22,Male,White,English
R_2YGjYzMsmX4aDBO,63d13cca81e6d01c11fb0ca5,2,4,1,5,5,5,1,2,2,2,4,UK,40,Male,White,English
R_1lbiYV8X0CWtRq2,6400dc9a87b5f4d0c3604bf3,3,4,5,1,1,6,6,4,5,1,1,UK,20,Male,White,English
R_1LiYFy2O6F04eq8,5f885425b61b8e2df8459441,2,2,5,2,2,5,5,2,3,2,2,UK,20,Female,White,English
R_2azCBmWGuGYn7fW,6447a4d5f7b73384c2494602,2,3,4,1,1,5,6,2,2,2,3,UK,23,Female,White,English
R_238m3w5btTkMDNK,63d16b409fc89f6d3a97f281,1,1,1,3,3,3,4,3,3,3,2,UK,31,Male,White,English
R_9GkgG9P7LvYeFBT,5eaf0f7a12e7015e515672f5,3,3,4,1,3,4,5,3,3,2,1,UK,21,Female,Mixed,English
R_Rqz1mb1iACvW4tb,5f02f1d7afde3746b6ce5117,2,3,2,5,4,1,3,3,2,2,1,UK,20,Male,Mixed,English
R_23VLL6ZbhgYydbj,61432781817c1541f59bbf33,1,3,1,4,4,3,3,4,4,3,2,UK,19,Male,White,English
R_25F862E2tOnh2G2,63039577b518c6981e54da62,2,4,2,2,1,5,6,4,5,2,1,UK,28,Male,White,English
R_3HXlPRmxAp3QoB2,644810cf2a84be979c3ac620,5,5,6,1,1,6,6,3,4,1,1,UK,19,Male,White,English
R_22xZExryMLDwPBv,5df3ded79a993f2be9a6f3d7,2,5,6,1,1,6,6,6,6,1,1,UK,22,Male,Black,English
R_02P1Vx7T9cdc3w5,5e189fdc87b37c174c87ab93,1,2,2,3,3,6,6,3,4,3,2,UK,31,Male,White,English
R_BtvqwedFiwyrRPb,615b1c5e45b80aa2a1576c72,2,3,4,3,3,4,4,4,5,3,3,UK,19,Female,White,English
R_1f77HGoIft3ZZz6,58e1916827e7d900011035e0,3,4,2,1,1,1,6,6,5,1,1,UK,41,Female,White,English
R_2YXujkO4TPnhwhU,5f1c62b6554a0f4f129c75fd,3,3,3,2,2,5,5,3,4,2,2,UK,20,Female,Asian,English
R_vNOCLmwn5MKoHwR,60fd0ec7929edc5216631a1c,2,1,2,2,2,5,5,3,3,1,1,UK,21,Female,Mixed,Polish
R_4VqBod2jZZ7JY9X,60fecfcc7acc06ed3c706ceb,2,2,4,3,4,3,3,4,4,2,3,UK,21,Female,White,English
R_1r33r0eJY9NpzfD,581ba6684182b600017306fa,2,3,2,4,4,4,2,3,2,1,1,UK,43,Female,White,English
R_e5qm2qh5OgE61tD,6065f1587a37a7c8f1c4e1a8,5,5,6,1,1,6,4,3,4,1,1,UK,22,Female,White,Polish
R_d5vmPCVuYc4L4xH,6161fbd4155750174e4c654b,1,2,1,6,4,4,3,5,5,4,2,UK,21,Female,Black,English
R_3r09FtDfqUIRD8w,6101b7f5e090ead193cc3942,2,3,2,4,2,2,4,3,2,3,3,UK,23,Female,White,English
R_3PXpyll3mjINOwp,63d4244ef7a44d268de65863,2,3,6,2,2,5,5,2,4,3,5,UK,33,Male,White,English
R_UWlcFK8yDIh5Efn,5d45e7d2da637a00174b9311,1,4,2,3,3,3,4,4,4,2,2,UK,23,Female,White,English
R_sBWiMcHxYaJdElz,5ff875d1aff50c078d3de4b6,3,5,2,2,1,4,4,2,2,2,2,UK,26,Female,White,English
R_UuvUTQjfL7qmps5,5ec82ad663afbd10a2458aab,6,4,6,2,1,6,5,5,4,2,4,UK,23,Female,White,English
R_1FFZYQMQ9ELVh1I,59df9b4ebe399f0001e49853,5,4,5,2,3,5,5,2,2,2,2,UK,48,Female,White,English
R_3GqhuNQu9K4DJhv,6234905bd877b34677aaa521,5,5,4,3,3,6,6,5,3,2,1,UK,51,Male,Mixed,English
R_1lzTUm32LHLXm0S,5fd410790e3b0716869c801e,3,6,6,2,2,5,5,2,3,2,1,UK,22,Male,Mixed,English
R_2UYDzRAb5Wm0rlM,62d5a363f7ec8db4e61877b9,3,5,5,3,3,4,3,5,5,2,2,UK,20,Female,White,English
R_2drO8jLRhgfLHDI,63d5717f3bc8aa76d5f0022c,1,2,2,1,2,5,6,5,4,2,3,UK,27,Female,White,English
R_xEJQBBJ0s7lq2IN,5f39806dc29bbc1014a85a72,3,3,5,2,3,5,5,5,3,2,3,UK,23,Female,White,English
R_3GdOchtu6KCyjXh,5c7aba39b5254b00019067e7,2,5,4,2,2,5,5,4,5,2,2,UK,32,Male,White,English
R_3k0MxJ7HftJ5ej9,644937030a7868838f1e1b9a,1,6,6,1,1,6,6,5,5,1,1,USA,49,Female,White,English
R_YbEtmnGs5Je1uiR,5ed59def5d8abb1390101a3a,5,5,5,1,3,5,5,2,3,3,4,USA,21,Male,Other,English
R_1OCugap7yl8hYXt,63ea449745f25d7331d44a5d,5,6,4,4,4,2,2,4,4,1,2,USA,29,Male,White,English
R_3QRU79oZpBNee75,58509fbda6946500016117ed,5,4,5,2,2,4,3,3,2,1,1,USA,38,Male,White,English
R_2AQfc87H7VMOd1V,60cf7074e1ea52a0f3450346,2,6,3,3,2,4,4,3,4,3,2,USA,30,Male,Asian,English
R_242ddh8BJhS6PZQ,5fbc2daf4221eb0d036bace8,1,2,3,1,1,6,6,4,4,1,1,USA,26,Female,White,English
R_pi64R9tWt1ctaXn,61129dce5308375e83487e7e,4,5,4,2,2,6,6,5,6,2,2,USA,20,Female,White,English
R_1QEYZPNUqUZFPGz,62bb2aab9ab9a9f782859359,3,6,6,2,2,3,5,4,3,1,1,USA,29,Female,White,English
R_3RxaPcQsCsfeoRH,56b6177d5cd743000d6e23c4,1,5,4,5,5,2,5,5,3,2,2,USA,27,Male,White,English
R_4MBfOxSpkPllMVH,6100496a0ef6706b8895cbf7,1,1,4,2,2,5,4,3,4,1,1,USA,26,Female,White,English
R_2rouC4yZgibG1TA,60fcd2dd707fa1b11edb5152,2,3,2,3,3,5,5,5,5,2,2,USA,22,Female,Mixed,English
R_3PuhgPq0sI6Qh3D,63e5afe232a49ecaa3272df9,1,4,3,3,2,5,5,3,3,1,1,USA,27,Male,White,English
R_3JCLS9NtLejAHQl,64412b163ece45860233359a,2,3,2,3,3,4,3,2,3,2,3,USA,28,Male,Black,English
R_2UYEKLVKXxL2Xzb,6112f31f34628c8bc50e3aa7,4,3,4,3,3,3,4,4,3,3,4,USA,24,Female,White,English
R_1NlTU7vxFyrCHsq,6111426ad1d92c8215ccd56e,3,3,5,2,3,5,4,4,4,2,3,USA,23,Female,White,English
R_3Hwu2RhX8bklcDz,63d7c417a743f5ce28150f1b,3,5,5,6,4,5,5,5,5,5,4,USA,DATA_EXPIRED,Male,White,English
R_21gl9M925FxslBS,5debce5335575a2bed69acc6,2,4,3,3,2,4,4,4,4,2,2,USA,57,Male,White,English
R_1eLuzEoGB9RP2dk,602af54feff74b1eeac797e8,2,6,6,2,2,5,5,2,3,2,1,USA,21,Male,White,English
R_pizDrqytScSHyuJ,6361ad38e1417ab3691c97ff,6,5,5,5,5,5,6,5,5,1,5,USA,27,Male,Other,English
R_V4KjGj8ZgnsDVHb,61167e9eedab4a1a776b237d,3,1,3,5,6,1,1,3,4,4,4,USA,22,Female,White,English
R_vuFlMqsHGcRV01X,6146896c628ef8ccdb2abf0a,4,4,5,4,4,3,4,1,2,2,4,USA,27,Female,White,English
R_ymUxAKJkW0481gt,5f507fb3e29c991f68f5879a,4,3,4,4,4,2,3,4,4,3,3,USA,21,Male,White,English
R_vjfTgjBxGwlzD2N,63666870f348d4acea8964a9,3,5,4,3,4,4,4,5,5,4,5,USA,62,Male,White,English
R_2Y51RDFMuZ08Nwf,5da7a232f40dea00160436a7,2,4,3,2,2,5,5,3,4,3,4,USA,22,Female,Asian,Chinese
R_24oU4hFMw8zWZzr,62904d7ade3ca9e95ae70b0a,4,4,5,2,3,5,4,4,4,1,1,USA,36,Male,Mixed,English
R_1LuphUYM7Dk1QPi,5aebb10baa05510001ff6500,4,6,5,1,1,6,6,3,4,1,1,USA,24,Male,White,English
R_1H7tnOXogVAZf1T,62c66885ba0578c9b5a0e4ae,2,5,5,5,2,3,4,3,6,5,3,USA,29,Male,White,English
R_3smITicHu9UeTI1,63ed2fb97cf54c8edce9f1c7,3,2,5,1,2,5,5,4,4,3,2,USA,20,Female,White,English
R_1H1U6YvdGNrylHe,63f2b5b7bbcd291b46ead17c,4,5,5,2,2,5,5,2,3,2,2,USA,18,Female,Black,English
R_2cnZ65tEaWcTsfY,60e7639e8eca5490df1e412e,1,4,3,3,4,6,5,5,5,1,2,USA,24,Male,Other,Spanish
R_3KPKFab0wieyViF,5e4aa4c11e0136000af57a42,3,5,3,1,1,5,5,4,4,1,1,USA,22,Male,White,English
R_2flKUG3P15SGCIC,63d14fff9cb486c39dfbd8ce,2,4,2,3,3,4,4,4,4,3,4,USA,28,Male,White,English
R_23gkP8mSqGIxi24,628e3b1df14fee48e3b118b8,4,6,6,5,5,6,4,6,6,5,6,USA,19,Male,Asian,English
R_BWGr6NI4BAN5muZ,5ee3fbb98976fc0f59fe2939,1,6,2,1,1,6,6,6,5,1,1,USA,22,Male,Other,Spanish
R_1LcDw3y6DH7qgb7,6113e6fb0dd8292704763e79,5,4,4,2,2,4,4,3,5,3,3,USA,21,Female,White,English
R_2zomRbkCHuP4Toc,6116a5715df1ce8da68a0ad1,1,2,1,1,2,5,3,1,2,1,2,USA,21,Female,Black,English
R_2ZQDJ4isNeubzBS,62695cc87ae7102ea7863e8d,1,2,2,1,1,6,6,6,6,1,1,USA,30,Male,Asian,English
R_3Hv3X68jrvpbZUf,5ea89fec16db5330d387423e,3,2,2,2,2,4,4,4,3,1,2,USA,49,Male,White,English
R_2OGvjUB65RsOVEy,565a4547c51d43000587507d,3,3,1,1,1,6,6,2,1,1,1,USA,41,Female,White,English
R_Y5enJETMFM01TPj,5d9be88c195db300128d652a,5,5,2,1,2,5,6,5,5,2,1,USA,33,Female,White,English
R_1IlYpFz3T9ymV9d,63217eec7aa5d8f123d99394,4,6,3,2,3,4,4,3,3,3,3,USA,31,Male,Black,English
R_XSpO3J7FpKLfbZn,63d29a1e50cf0f82998d2564,3,4,3,4,4,4,4,4,5,4,4,USA,28,Female,White,English
R_3MoCLQXEOeJPkQ9,5aeb9f6f23e2ca0001974ab0,1,2,1,2,1,6,5,3,4,2,2,USA,21,Male,White,English
R_xDXvn3dT1Zna2tP,5e84f59e965b290c42fad433,2,2,5,2,2,4,5,2,3,4,4,USA,21,Male,White,English
R_2RX1fquz38uBBt4,5d013b6597491100014a4fca,1,1,1,5,4,2,2,4,6,4,3,USA,22,Male,Other,Spanish
R_2e3egzoHaUhS7P2,63e51be13df7cac2d9348a05,3,2,5,3,4,3,3,5,4,2,2,USA,26,Male,White,English
R_2EhnotCNHvee0yv,5fbc56c0293d73121cdc1eb5,3,4,4,4,4,4,4,4,4,4,4,USA,33,Male,White,English
R_3sttkInT0h48Vmv,641883361a0127118cf426f2,4,4,5,2,2,4,4,3,3,3,3,USA,27,Male,White,English
R_pbFiXJwYs66ezYZ,5f3f22388550032138c461ef,4,5,5,4,4,6,5,3,5,2,2,USA,36,Female,White,English
R_2Ve7q1YcGd5wgMQ,5f558a5eb6604495cc52268d,3,4,1,2,2,4,4,4,5,1,1,USA,24,Male,Mixed,English
R_QgIBLIg1h37JYFX,606537639bc40e88e953c584,1,6,2,3,1,6,3,5,6,2,3,USA,34,Prefer not to say,White,English
R_1ovRWUpcweIMc0E,5f850cd39e097f1f273a755d,1,1,4,5,5,2,2,1,3,3,1,USA,25,Male,Mixed,English
R_22sJlN5HtRXLkaM,5e45db9c36b2e20888a64f5f,2,5,5,4,2,6,4,4,4,2,2,USA,42,Male,White,English
R_9RKMQlm7fGiRE9X,5b498dc7d1a12e0001af3952,1,3,4,3,1,6,3,2,4,2,1,USA,25,Female,Black,English
R_CmiOu4kAdIwHAHv,5f934f7fdc89a111b5712011,3,3,5,4,4,4,3,5,5,1,5,USA,29,Female,White,English
R_12fIMnlWmxxRv6V,5ad6b454a9ea0500019a087a,2,5,1,2,2,5,5,5,4,3,2,USA,45,Male,White,English
R_D0pvBvwWG56KqGt,611b1d3794ac948af7e57e7a,3,3,3,2,3,3,4,2,3,3,3,USA,21,Male,White,English
R_3FUJIjmqSWt3pvr,613b9a3ff0c8f9557a11b295,3,2,3,3,3,4,2,3,4,2,2,USA,20,Female,Mixed,English
R_1K8YWsubUtfRDGX,5e16a7c34b49a1c91ef46af6,3,5,4,1,1,6,6,5,5,1,1,USA,29,Male,Other,English
R_2R7W26KvKSlzVFH,62d882e6a4564ff6bbeef874,2,1,4,2,2,3,5,2,4,4,3,USA,31,Male,Black,English
R_3DvAbJtJRAS9ejG,5d1c5337c2ccf4001a9fec2f,1,2,1,3,3,3,4,4,4,3,2,USA,29,Female,White,English
R_3DvYdIOGpYAK6p1,616829d7504e0346ff2b51df,6,6,6,1,1,1,6,6,5,1,1,USA,26,Female,White,English
R_1GWCAIjXO8aSZ50,62349fb2fc06f602ff3de723,6,6,5,3,2,4,4,4,5,1,2,USA,30,Female,White,English
R_ZaAEOnSqulOFHFL,634392ff653d29e2770b3636,1,6,6,3,5,5,6,5,4,3,2,USA,19,Male,White,English
R_VJc6xvRG3GH7h17,569cffa09e8363000c3087cd,4,5,6,1,1,5,4,5,4,1,3,USA,28,Male,White,English
R_279ZbQsum1vRfPu,60cef7be32400c5dd5a5a10f,5,5,5,1,1,6,6,5,5,1,1,USA,27,Male,White,English
R_3pbYeHm9ia0AnuR,6102050090041d90dc5413f3,2,3,2,2,2,4,5,2,2,3,3,USA,21,Female,White,English
R_3ekJt56gH3M0q9Z,63bc7526906c76e02ad4e37d,2,6,4,3,2,3,4,5,4,1,2,USA,19,Male,White,English
R_2t9TDDB9XzDruAf,63d4019999c9ab839156014c,6,5,5,1,2,5,5,4,4,1,1,USA,19,Female,White,English
R_3KOZ0kjOWhPO1kS,6400db504f6a02fa1df7c5d5,3,3,4,3,3,4,4,3,4,3,4,USA,25,Female,Asian,English
R_2pXna2pqxSO0Uyk,63ea4d3b920d683ac61a1ea0,1,5,5,2,4,5,5,4,4,4,4,USA,30,Male,White,English
R_2PnbVAILt60jdRI,63d15e790827925c11b8f3d3,2,3,1,2,2,6,5,5,5,1,1,USA,31,Male,White,English
R_11aUaSsuhwZX9PH,5bef41fa54277d000114d6ad,4,5,5,2,2,5,5,5,5,2,2,USA,27,Male,White,English
R_3dF91zSnDyOEmvT,5d634b27e5f92f0017196a3f,4,4,5,3,3,3,3,4,4,2,2,USA,34,Male,White,English
R_1DLH9EhuYXmGWO3,6105109c53972b8f5ee5f659,3,4,5,4,5,4,4,5,5,5,4,USA,21,Female,Black,English
R_Y5hJHzJrMpAcF2x,6172db316212169efd33f55d,1,1,2,1,1,4,6,4,6,4,5,USA,20,Female,White,English
R_2U3CektAyPl1C6X,5ffd392153021d20d0939515,2,5,2,5,5,2,2,5,5,1,1,USA,34,Male,White,English
R_1M4W7TxrolLkDTS,6400e85a2b98f0bcc0bc9d53,3,4,3,2,2,5,5,4,5,2,2,USA,22,Male,White,English
R_3kpmUowfOuoLaEQ,5ed9df4296035b58dce21946,2,5,5,2,2,5,5,4,5,4,4,USA,26,Female,Asian,English
R_3OoDao2ciJcW6rk,63d40b7d3c7f92ff15ef6b67,5,2,4,2,3,5,4,5,5,2,5,USA,20,Female,Asian,English
R_UWUahqMsN9bCTgB,5d00163d9f497e00191a609c,3,5,3,2,2,4,5,3,5,2,2,USA,31,Male,White,English
R_esqo7gdGpm816Lf,63d14464ee1a3ad13e0bc201,4,3,2,3,4,2,3,2,3,2,1,USA,33,Male,Other,English
R_3siBGFod6BoPdXP,645005f03fb72ab1bb1a88b1,3,4,1,6,6,1,1,4,5,1,2,USA,50,Female,White,English
R_2dPZqUlT87fGlYU,614cd9dba2dad462039739cf,4,5,2,4,3,5,4,5,4,2,4,USA,19,Female,White,English
R_eDMa8PRtjya5FyF,60ffd5830c84e79af35b8080,3,6,5,2,3,5,4,5,3,1,1,USA,23,Female,White,English
R_33au3TzlTQ8OthP,6236844dad7b8f69aad35b69,1,3,1,5,5,1,2,3,3,4,4,USA,20,Male,Other,English
R_3QXiWri2J9cQLb1,5f21dc69e337a642249401af,2,3,2,2,2,5,5,2,4,2,2,USA,36,Female,White,English
R_1fmk4oRaLKjAaHl,5bb239a60cc22c000146833e,2,6,1,3,3,3,3,4,4,4,4,USA,41,Male,White,English
R_bfoERjomMOMkZTr,63ea76a647a11b87cee26cd5,6,6,5,2,2,5,5,4,3,2,4,USA,20,Male,Black,English
R_2v8McUWU8bTZdfR,62a7c4d5266dfb89bf94fec8,5,5,5,4,3,5,5,5,5,2,2,USA,45,Female,Black,English
R_1ODFWaMKQVvc6mC,5a4ffbc076d1c60001aa9438,6,6,6,6,6,1,1,4,4,6,6,USA,36,Female,White,English
R_294D06sNgv6oLOj,56b8dce0e1d0a2000c15d4d3,6,6,6,1,1,6,6,3,2,1,1,USA,31,Female,White,English
R_1FFCmpqCikJEAai,6096924c7726fc84dde3e3ad,1,3,1,1,1,6,6,2,4,1,1,USA,32,Female,Mixed,English
R_3CCbPhqXiM9dhVP,5d7862a638292d001c062b79,2,3,2,2,2,5,5,3,3,2,2,USA,36,Female,White,English
R_0cB0S6Uh8142YNz,62bdfe451d380bec13a4a864,6,5,5,1,1,4,5,5,5,1,1,USA,26,Female,White,English
R_1OuTunwOLc6ljDP,55dbdc9d50a1f7001190d753,2,2,3,2,1,6,5,5,5,2,3,USA,32,Male,White,English
R_1oGsagHjdJCA5mx,5b5fd1763131440001074d59,5,5,5,2,2,6,1,5,4,1,2,USA,32,Male,White,English
R_5pfiCe9pMxl9FyV,6102a4e20fb6538b03d6a24f,4,6,5,2,2,5,5,3,3,2,2,USA,24,Female,White,English
R_wMlv85I3L9hVJL3,63d42902a85ae3e7b4920266,2,3,2,4,4,2,3,4,4,3,3,USA,33,Male,Asian,English
R_29rVq09NgW3Tju4,64409b0331debc768106e394,1,6,3,1,1,6,6,6,6,3,3,USA,37,Male,Black,English
R_1I4SmOCMUQmX96n,5d1686aadb7eb70001f1a65a,3,5,2,1,1,6,6,4,6,1,1,USA,37,Male,White,English
R_3GkN8cDmFcDkbOG,627986ad0b4e17430bd23d80,4,6,6,1,1,4,6,4,4,2,2,USA,33,Male,Asian,Vietnamese
R_1ifVTOwsmRlxIrr,6100fd9153a73727cf2edda8,2,1,2,5,5,2,2,2,2,5,5,USA,20,Female,Other,English
R_1H5G9sxJ5wwvvpr,5e4f1498f5442136deff0d6e,2,4,3,2,4,5,5,3,4,2,3,USA,23,Male,White,English
R_3Gg0x5zNT28gTZl,5edcfe625cd39c9efd5cc2ae,3,6,3,6,6,1,1,5,4,1,1,USA,38,Female,White,English
R_2gz4iTmS33fqPdf,5f36cb5c5a67570e141f4ef3,1,3,5,1,1,5,5,4,3,3,3,USA,52,Male,White,English
R_1Kqz7O6kyLaX9dm,60c3ba02dfcf64dbe7ae0396,3,4,3,3,3,3,3,3,3,3,3,USA,22,Male,White,English
R_OOlmWHurFh17Eid,5eeeb45360a44437a971aebc,2,3,2,2,2,4,3,4,4,3,2,USA,22,Male,Mixed,English
R_1l9LxwnNX3a93Bq,6172607a932e0b0c3523854d,5,5,6,5,3,4,4,4,5,2,1,USA,35,Female,White,English
R_323MHGx4Y3tAVQJ,631852710b123742dcc28cb8,6,6,6,3,1,3,4,6,5,5,2,USA,48,Female,White,English
R_x0k7aGrPbTWsvIZ,5cfafa8c2bcca70017252f6b,3,6,6,1,1,6,6,4,5,1,1,USA,58,Male,Mixed,Spanish
R_2YodyjhwwRDbqOm,5ef76ff7d195c248bfe25115,3,2,5,4,5,4,3,4,3,5,3,USA,21,Male,White,English
R_yEblPCfbWFUU6nT,6400d8d5cc4ede5d5619eb4f,4,4,5,3,3,3,3,5,4,3,3,USA,24,Male,White,English
R_1n1v0j3AdZUwRFn,61016268f9a351d3171a0fde,3,5,2,3,3,4,4,5,5,1,1,USA,20,Female,Black,English
R_3gRt3RHlUVWqWKF,577bcb033146cb0001d1b530,2,2,4,1,1,6,6,4,4,2,4,USA,23,Female,White,English
R_2Xh7y3xFhhBlMmx,5decaac46e09cf3792805023,4,4,4,2,2,5,5,5,4,1,1,USA,28,Male,White,English
R_3KpR7jnyEz1BMSh,63d30b2b7cd6beb472ecc740,1,1,1,2,3,4,3,3,2,4,5,USA,20,Male,Black,English
R_6yDWwMm9XTa32LL,63f22bf86108a5e85f89aa0b,1,4,5,5,4,4,5,4,4,5,5,USA,62,Female,White,English
R_2R4aY7KFBlRghpi,63bc9e8cd8106f8d94c636d4,4,4,5,3,3,3,3,4,4,3,2,USA,27,Female,White,English
R_3KDaL3Rw5ZCVITq,5fee0c90eb52700cd9752702,2,5,3,2,3,4,4,2,2,5,5,USA,50,Female,White,English
R_21aBo6GQSFLOzcN,6323781f75962af097c34b5e,2,1,1,1,1,6,6,1,1,2,1,USA,18,Male,Other,Spanish
R_DOyGeKq25b13zBD,63d6c86752a95585befe850a,3,2,3,1,1,6,6,5,5,1,1,USA,20,Male,White,English
R_2xVkBfmRu7PaK5Z,5fc1c035ac92312b4c2e6bab,2,5,1,5,5,1,1,4,4,1,1,USA,30,Female,White,English
R_u3tiiPLyqh6vPot,63f7e1bb3866d96e37ecfd1c,5,6,3,1,1,6,6,4,4,2,4,USA,20,Female,White,English
R_23VRF7QEMBHyjjj,636548d16d8486ac6e2c9332,3,5,5,4,5,4,4,4,5,4,4,USA,43,Male,White,English
R_2UW11qzpXk4zomb,63cff262503b56190be3eb18,1,4,2,1,1,6,6,4,2,2,3,USA,31,Female,White,English
R_2DLGcrGK72hJxhv,63d162725a0a1c3d6a8c056a,5,4,4,3,3,4,3,4,5,2,2,USA,24,Male,White,English
R_2S79iT4FmMqR306,628f9cfbee6de7cc7322fecf,6,5,4,1,1,6,6,4,5,1,2,USA,28,Male,Other,English
R_OuMcHAIlpHrLJSx,62fbb36e4eb67a9e4bd73561,1,5,2,1,2,4,5,4,4,2,1,USA,32,Female,White,English
R_3L8g2tYuuUcGK3A,644aa44afd1bc7f0e2842cf2,5,6,5,2,2,5,5,3,2,2,2,USA,50,Female,White,English
R_4NqyOLiD5AwthN7,5f735db63409c706cc33e016,4,5,4,3,3,3,3,3,4,2,2,USA,22,Female,White,English
R_3COQb75FvUed6Mm,62e5c4689bd36b818a8eeecd,1,4,3,1,3,6,6,4,4,3,1,USA,26,Male,Asian,Vietnamese
R_2AZ0kT2Zf4sAa8m,56849d528f456f000c45e1dd,6,6,1,1,1,6,5,1,1,4,1,USA,36,Female,Black,English
R_1GIa6yGT12vyHEJ,642cf63e7ce91bf42e9a1f32,1,6,6,6,6,6,6,6,6,6,6,USA,62,Male,Black,English
R_1OwrEkRJdYmzUPD,5c3848fc19ceb400010c24a0,5,6,4,2,2,5,5,4,2,1,1,USA,26,Male,White,English
R_1jwbl4ilahRdo9M,5e7909d956b26e4aba9a460b,2,6,5,1,2,4,5,4,4,5,3,USA,51,Male,White,English
R_3J4xKenivrub5RU,6287a355e0dbfe43e55850b7,1,5,2,2,2,5,5,3,3,1,1,USA,25,Male,Other,English
R_1Nl9q9Ug0cwh8Qw,5dd1919051c6d2208e27fbc1,2,6,3,1,1,6,6,4,6,1,1,USA,74,Female,White,English
R_24I8JhdmMLs8SGA,63d7b1a77e23b5460ab88069,2,5,5,2,2,4,4,3,2,2,2,USA,28,Male,Black,English
R_2pLX9ynofIKfwcQ,63bc74f63269af3a7bfcec7c,2,4,5,3,3,3,3,5,5,2,2,USA,53,Female,White,English
R_9mmWm0nYjKw2iGt,5e646461698a071f2f15423e,6,6,6,1,1,6,6,1,1,1,1,USA,56,Female,White,English
R_1gqB0A6t49HxrTP,63ba264aa0b8b0ba90de26b6,3,4,4,3,3,4,4,3,4,4,4,USA,49,Male,White,English
R_2a99Azl9mQRE3f6,605220735560745cf0a16a80,3,2,3,3,5,2,2,2,2,3,2,USA,44,Female,Mixed,English
R_UubvZudi2FObJUl,6437848cce0b587f816052e9,5,6,6,2,2,4,5,4,4,1,1,USA,49,Male,Black,English
R_ezAVaIoUTz9vcqd,612ba49c020f07311c602c0c,2,4,5,2,2,5,2,4,4,2,2,USA,22,Female,White,English
R_XwbbwmR0aJ28le9,640ff49e2b13337a14256899,3,5,5,3,4,5,5,3,5,2,2,USA,49,Female,White,English
R_3iOSScrczdlKWN2,63e70b13dee58bfc12d56f62,4,6,6,4,6,5,6,5,5,5,3,USA,62,Male,White,English
R_2WPDbMseiz8ync4,62e199458482518274623771,2,6,4,1,2,5,5,5,2,2,2,USA,34,Male,White,English
